userName,content,score,thumbsUpCount,reviewCreatedVersion,at,replyContent,sentiment
Fx Dwiwarsono Dwi Warsono,menyusahkan sereng lemotgak whatsapp,1,0,,2024-09-25 10:17:08,,Negatif
Manda Aulina,meng aupdet,5,0,2.24.18.80,2024-09-25 10:15:59,,Positif
Rendiman Topel,ok,5,0,,2024-09-25 10:15:56,,Positif
Dancok Asu,ok,5,0,2.24.18.80,2024-09-25 10:15:32,,Positif
valentya cinta ariska agatha,bagussss chat pacarrrrrrr,5,0,,2024-09-25 10:14:50,,Positif
Mahlil Montz,gue ganti nomor blokir,1,0,2.24.18.80,2024-09-25 10:14:37,,Negatif
Yuki Alfian,membantu berkomunikasi aplikasi bisnis,5,0,,2024-09-25 10:14:18,,Positif
Danton Isan,whatsap susah menginsal nya,2,0,,2024-09-25 10:13:45,,Negatif
Aaji Permana tambunan,mantap,5,0,,2024-09-25 10:13:11,,Positif
Rusyanto yanto,membantu,5,0,2.24.18.80,2024-09-25 10:13:08,,Positif
Jefry Umbu Retang,ok,5,0,2.24.18.80,2024-09-25 10:12:33,,Positif
pakih eloy,oke,5,0,2.24.18.80,2024-09-25 10:11:41,,Positif
w w,apk kontl gk angin gak hujan akun kena pelanggaran spam,1,0,2.24.18.80,2024-09-25 10:11:16,,Negatif
Leo Nardi,mantab,5,0,2.24.18.80,2024-09-25 10:10:57,,Positif
Jangan Tanya,story nya jd ngebluremang gk diperbaiki ya,3,0,2.24.18.80,2024-09-25 10:10:28,,Netral
Azwar Sosal,bagussaya suka bangat,5,0,2.24.18.80,2024-09-25 10:09:14,,Positif
Nobertus Pabontong,aneh dgn aplikasi whatsap,3,0,2.24.18.80,2024-09-25 10:09:11,,Netral
Mas-a Games,watsap mohon benahi masak udh blok nomor orang kemaren aktifitas nya memblokir gara gara berantem pacar,1,0,2.24.18.80,2024-09-25 10:07:57,,Negatif
intan aura,sanggatt bagusss,5,0,2.24.18.80,2024-09-25 10:07:56,,Positif
NOVIAN PRATAMA,tambahin bahasa lampung,1,0,2.24.18.80,2024-09-25 10:07:27,,Negatif
Rube Be,ok,5,0,,2024-09-25 10:07:05,,Positif
KUA center Sempu,inpo pemulihan tp masuk tdk diarahkan wa yg ori sdh donlod yg ori sesuai petunjuk ttp tdk menerima kode verifikasi,1,0,2.24.18.80,2024-09-25 10:06:42,,Negatif
Andini Putri,wa ku blm fitur like story yaa udh update kali loh gimna sih kesel bgtt,4,0,2.24.18.80,2024-09-25 10:04:47,,Positif
Nani Maryani,kasih,2,0,,2024-09-25 10:02:32,,Negatif
Ilham Irawan,iham lrawan,5,0,,2024-09-25 10:02:03,,Positif
tiwi suka,busux ğŸ˜– caelahhh gaono lop lop e pilih kasihhh ga asiq,1,0,,2024-09-25 10:01:51,,Negatif
Ayu Pratiwi,kena spam,2,0,2.24.18.80,2024-09-25 10:01:02,,Negatif
Erni Aisah,berbuat apakenapa no blokdi spam ngerti app,2,0,2.24.18.80,2024-09-25 09:59:18,,Negatif
Muhamad Soleh,saluranÂ² yg adain gak pakegak cuman bikin berat aja kirim file foto videolebih berguna,3,0,2.24.18.80,2024-09-25 09:57:23,,Netral
Aqila Nafisa Azzahra,whatsapp ya kena blok whatsapp nggak nge lakukan halÂ² melanggar pulihkan kena hack mohon diperbaiki,1,0,2.24.18.80,2024-09-25 09:54:58,,Negatif
Ayah Ayah,bagus aplikasi ny,5,0,,2024-09-25 09:54:10,,Positif
Said Samrud,kena spam pdahal ga unggah yg aneh ataw nipumohon apk perhatikan nmr cari rezeki kalow kena spam ga jg jalanx,2,0,2.24.18.80,2024-09-25 09:52:16,,Negatif
Ardhi Yusuf,akun kena peringatan spam,1,0,,2024-09-25 09:52:13,,Negatif
Mujib Burrahman,bagus,5,0,2.24.19.82,2024-09-25 09:51:00,,Positif
Tukijah Ijah,bagus berguna,5,0,2.24.17.79,2024-09-25 09:50:47,,Positif
Muh.ananda Adam,kena spam,2,0,,2024-09-25 09:49:29,,Negatif
Ateng Jubek,whatsapp,5,0,,2024-09-25 09:49:21,,Positif
Daryanto Yanto,whasapp messenger topmarkotop mantap,5,0,,2024-09-25 09:48:48,,Positif
Cicih Sutarsih,aplikasi langganan kuh,5,0,2.24.17.79,2024-09-25 09:47:21,,Positif
Sofyan Hendri,mantap,5,0,2.24.18.80,2024-09-25 09:44:24,,Positif
Kevin Giovany,good aplikasi,5,0,,2024-09-25 09:43:36,,Positif
Trend Ponsel,mbaknahda zahira,5,0,2.24.12.78,2024-09-25 09:43:24,,Positif
Muri 12,bagus kali,5,0,2.24.13.77,2024-09-25 09:42:48,,Positif
Adi Alak,puas,5,0,2.24.18.80,2024-09-25 09:42:43,,Positif
Rose tiyah,fitur likenya gabisa muncul udah diupdate versi terbaru,3,0,2.24.18.80,2024-09-25 09:42:36,,Netral
Diah Ayu,watshaap berkonfirmasi teman,5,0,2.24.18.80,2024-09-25 09:41:42,,Positif
Slamet Ryanto,slamet riyanto,5,0,2.24.13.77,2024-09-25 09:41:38,,Positif
ismail marzuki,mohon perbaiki aplikasinya memverifikasi no terdaftar menit spam berkali kali beli kartu memvrikasi no spam terimakasih,1,0,2.24.19.80,2024-09-25 09:41:30,,Negatif
abdul ghofur,,5,0,2.24.18.80,2024-09-25 09:41:24,,Positif
Nuril Moebarak,aneh ganti perangkat iya akun ya nunggu otp terkirim ganti metode nya,1,0,2.24.18.80,2024-09-25 09:41:00,,Negatif
Billy Twin123,bagus,5,0,2.24.13.77,2024-09-25 09:40:33,,Positif
isma rahmawati,ok,5,0,2.24.18.80,2024-09-25 09:40:19,,Positif
Epung Epung,knpa ya wa gak buka,5,0,2.24.18.80,2024-09-25 09:40:15,,Positif
Jhon Piter,ok,4,0,2.24.18.80,2024-09-25 09:39:56,,Positif
Nafa Mubarok,tolong costumer service melayani cepat,2,0,2.24.18.80,2024-09-25 09:39:16,,Negatif
Silwi Rahayu,min kenape wa ga bs ngirim foto vidio dah updet,3,0,2.23.24.82,2024-09-25 09:39:14,,Netral
Nanda Tresna Pamungkas,statusnya berantakan update hadehhh,1,0,2.21.6.17,2024-09-25 09:38:10,,Negatif
Novan Rachmad,,5,0,2.23.15.81,2024-09-25 09:37:41,,Positif
Jarni Jarnisyah,keren,1,0,2.24.18.80,2024-09-25 09:37:33,,Negatif
Ableh Samir,bkurang bagus,4,0,2.24.18.80,2024-09-25 09:36:59,,Positif
Jibran Pangestu,sinih jelekupdate fotovidio susah foto burem,1,0,2.24.18.80,2024-09-25 09:36:22,,Negatif
Azhar's Syifa,bagus,5,0,2.24.18.80,2024-09-25 09:36:22,,Positif
Lia Silviana,harap ditinjau akun whatsapp kena spam memenuhi ketentuan layanan whatsapp terima kasih,5,0,2.24.19.82,2024-09-25 09:36:11,,Positif
Yurita Myusuf,ok,5,0,2.24.13.77,2024-09-25 09:35:23,,Positif
Sukri Adi,senang memakai watsap untu berbagi informasi bisnis,5,1,2.24.18.80,2024-09-25 09:34:25,,Positif
Maskur Maskur,wat sap membantu terimakasih,5,0,2.24.18.80,2024-09-25 09:28:55,,Positif
saryono. Saryono1234,bagus,5,0,,2024-09-25 09:27:17,,Positif
Nugi Nugiye,karna pake paket intranet hha ğŸ˜‚,4,0,,2024-09-25 09:27:15,,Positif
Daffa Daffa,whatsapp nya dibuka,1,0,2.24.18.80,2024-09-25 09:26:58,,Negatif
Zikra Alfitrian,ok pokoknya yg,5,0,2.24.18.80,2024-09-25 09:25:30,,Positif
Febrina belo,bagus,5,0,2.24.13.77,2024-09-25 09:25:18,,Positif
Pebry ady Siregar,,5,0,,2024-09-25 09:25:09,,Positif
Kristian iceh,mantap,5,0,2.23.24.82,2024-09-25 09:24:36,,Positif
Yulianto,akhirakhir kena spam kena blokir,5,0,2.24.18.80,2024-09-25 09:23:28,,Positif
ega tristan,tolong benerin bug telvon gak suaranya,3,0,2.21.16.20,2024-09-25 09:22:54,,Netral
Agam Agam,mudah berinteraksi puasğŸ‘ğŸ‘ğŸ‘,5,0,2.24.18.80,2024-09-25 09:22:19,,Positif
raffi_ 99,wa blok alasan spamdan tejadi menerus,2,0,2.24.17.79,2024-09-25 09:22:06,,Negatif
Ramdan Septian,udah updet ga lek,1,0,2.24.18.80,2024-09-25 09:21:15,,Negatif
Wardinah Wardinah,wa,3,0,2.24.18.80,2024-09-25 09:21:12,,Netral
Kamariah Kamariah,panggilan,2,0,2.24.18.80,2024-09-25 09:20:28,,Negatif
Agung Setiawan,ğŸ˜ğŸ˜ğŸ˜ğŸ˜,5,0,2.24.18.80,2024-09-25 09:18:48,,Positif
Muhammad Irsyadul,ok,4,0,2.24.18.80,2024-09-25 09:18:30,,Positif
Takaa,tolong hilangkan fitur lihat whatsapp,1,0,2.24.16.76,2024-09-25 09:18:02,,Negatif
Iva Nur,suda d update gabisa muncul fitur,1,0,2.24.18.80,2024-09-25 09:16:38,,Negatif
Mamur Pancing,teman disukai,5,0,2.24.18.80,2024-09-25 09:15:16,,Positif
ARKA TAILOR,aktip jam udah blok spamspamnya dimana mohon diperbaiki,1,0,2.24.18.80,2024-09-25 09:14:07,,Negatif
Nur Azizah,nomor susah dimasukkan,1,0,2.19.115,2024-09-25 09:14:06,,Negatif
Rani Jupiter,wathsap membantu,5,0,2.24.18.80,2024-09-25 09:13:47,,Positif
Nur Yadin,membantu komunikasi,5,0,,2024-09-25 09:13:40,,Positif
Kasimun Pak,whatsapp aneh blokir spam spam tolong perbaiki whatsapp,1,0,,2024-09-25 09:13:34,,Negatif
Lesus 19,jelk ny whatsapp resmi,1,0,,2024-09-25 09:12:52,,Negatif
Ria angelita ch lawere,mantap,5,0,2.24.18.80,2024-09-25 09:12:25,,Positif
Pandi Pandi,bagus,3,0,2.24.18.80,2024-09-25 09:11:47,,Netral
Kayla Azizah,wowwww,4,0,2.24.18.80,2024-09-25 09:11:36,,Positif
Nengah Baktiari,,4,0,2.24.13.77,2024-09-25 09:11:36,,Positif
Alena Aprilia,ko ga nge like sih,3,0,2.24.18.80,2024-09-25 09:11:34,,Netral
Aghits Zaeni,good,5,0,2.24.18.80,2024-09-25 09:10:18,,Positif
Nur Milatidini,suka pemulihan pemulihan chat chat ku kehapus ğŸ˜¡ğŸ˜¡ğŸ˜¡ğŸ˜¡,1,0,2.24.18.80,2024-09-25 09:09:52,,Negatif
Rukyanti Bayu,aplikasi in baguss thanks,5,0,2.24.18.80,2024-09-25 09:09:46,,Positif
Rizki Saputera,aplikasi bagus,5,0,,2024-09-25 09:07:37,,Positif
Ides Bohalima,,5,0,2.24.18.80,2024-09-25 09:06:09,,Positif
audina jumardani,upgrade koplak story random bgt gak sesuai jam nya,1,0,2.24.19.82,2024-09-25 09:03:19,,Negatif
Nadin,min kenpa ya kalo post sw burem gitu hd in ga tolong yaa update,4,0,,2024-09-25 09:02:54,,Positif
Kusen Soak,akuseorangpetnikerjanya selalufisawahbergelut denganlumpuryang,5,0,2.24.18.80,2024-09-25 09:01:24,,Positif
Ml Bangijal,ok,5,0,2.24.18.80,2024-09-25 09:01:03,,Positif
DAFFA,bagus,5,0,2.24.18.80,2024-09-25 09:00:43,,Positif
Miftah Udin,susah d buka,4,0,2.24.13.77,2024-09-25 08:59:15,,Positif
Vivo Borneo,bagusğŸ‘,5,0,2.24.18.80,2024-09-25 08:59:14,,Positif
Ahmad Sunarto,,5,0,2.24.9.78,2024-09-25 08:58:04,,Positif
Dani Hasbulah,aplikasi yg bergunaa bgt dihidupkubisa chattingantelponvc sm temensama keluarga dll harap update an diselanjutnya simpan sw orng translatebisa liat like story org and tysm for all,5,3,2.24.18.80,2024-09-25 08:56:20,,Positif
Mang Ulit,semangat,5,0,2.24.12.78,2024-09-25 08:55:43,,Positif
Rita Ningtias official,pembaruan story whatsap,5,0,2.24.19.82,2024-09-25 08:54:19,,Positif
Sur Yadi,perbaikilagi,4,0,,2024-09-25 08:52:13,,Positif
Ario Pamungkas,mantap,5,0,2.24.18.80,2024-09-25 08:51:47,,Positif
Ilyas Nugi Pamungkas,ga terkirim kode,1,0,2.24.18.80,2024-09-25 08:51:44,,Negatif
Iduypanceug Sajagat,,5,0,2.24.18.80,2024-09-25 08:51:10,,Positif
Putri Rhieswantho,aplikasi baguskarena aplikasi mengechat org dri kejauhan gtudan cocok yg gabut buka whatsapp chat yg gajelas,5,0,2.24.13.77,2024-09-25 08:48:13,,Positif
Ramsel Bakkara,aplikasi bagus,5,0,,2024-09-25 08:48:13,,Positif
Talita Shafa,suka bug plisss ga buka gituu bikin panikk jg bugg and gatau knp bgt signyal udah g tp ga instal instal,4,0,2.24.18.76,2024-09-25 08:48:09,,Positif
Arsylla Hibaitillah,notifdelay panggilan gak putuss nglag parahhh,2,0,2.24.18.80,2024-09-25 08:47:17,,Negatif
Yanti Susanti,ok,1,0,,2024-09-25 08:46:14,,Negatif
Sugeng Bogeng,knapa kena spam ya,5,0,2.24.18.80,2024-09-25 08:45:12,,Positif
Mirza Faizullah,bagus,5,0,,2024-09-25 08:45:07,,Positif
Aji Huda,avika,5,0,2.24.12.78,2024-09-25 08:44:01,,Positif
Kus Toni,ga dwondlod memori penuh gmna,5,0,2.24.16.76,2024-09-25 08:43:53,,Positif
Jombret Jaya,siiiipppp,5,0,2.23.23.78,2024-09-25 08:43:24,,Positif
Fauzi Setiawan,kalo ngebuat story whatsapp vidio nya jelek burik,3,0,2.24.18.80,2024-09-25 08:43:05,,Netral
Lariafa Lariafa,knp nomor sy tdk terdaftar sy sdh daftar tolong diperbaiki masalahnyamohon diperbaiki masalhnya nmor sy sdhh terdaftar tpi knp sllu disuruh ganti nmor,5,0,2.24.7.81,2024-09-25 08:42:19,,Positif
Nurhasanah,ok,5,0,,2024-09-25 08:41:02,,Positif
Fahmi â€œFahmiFadilSahrunRâ€ F.S.R,menginstanya ga sabar cat teman grup gabut sayang nya si menginstanya,5,0,2.24.18.80,2024-09-25 08:40:24,,Positif
Dina Nur dirayati,wa,1,0,2.22.2.73,2024-09-25 08:40:07,,Negatif
mustari mustari,bagus,5,0,2.24.18.80,2024-09-25 08:39:19,,Positif
M.isa Juarsa,hapus trus wa ku,5,0,2.20.202.18,2024-09-25 08:37:49,,Positif
Nofriansyah Opi,bagus,5,0,2.24.13.77,2024-09-25 08:35:57,,Positif
Epul Rian,spam ane wa,1,0,2.24.18.80,2024-09-25 08:35:06,,Negatif
Yulianti Fransisca Simanjuntak,aplikasinya jelekğŸ¤®nyesel gw downloadğŸ¤® mending yg download gk ush deh download nnti nyesell aja nyesel bangetğŸ¤®,1,0,2.24.18.80,2024-09-25 08:34:36,,Negatif
Karisa Aparilia,whatsapp ink sang bags belajar,5,0,2.23.11.77,2024-09-25 08:33:11,,Positif
palupigigih10 2024,baguss bangett,5,0,2.24.18.80,2024-09-25 08:26:19,,Positif
Adam Ramdani,pokoknya ngetenğŸ‘,5,0,2.24.18.80,2024-09-25 08:25:59,,Positif
Eka Saputra,saluran share link bokepnya lolosğŸ˜­,1,0,,2024-09-25 08:22:03,,Negatif
Kdex Draco1945,good,5,0,2.24.13.77,2024-09-25 08:17:39,,Positif
Martahan Sirait,bagus cepat,4,0,2.24.18.80,2024-09-25 08:17:09,,Positif
Kiki Maulana,mantap,4,0,2.24.17.79,2024-09-25 08:16:51,,Positif
Alinda Rahmawati,tolong whatsapp jngn menerima nomor yg udh daftar wa ny udah wa dipake orang gak bertanggung mohon kpd whatsapp jaga privasi nomor udah tertera whatsapp klo no tertera wa jngn nerima no tolong ya jngn sampe ulang klo terulang orang bertanggung terima kasih ğŸ™,3,0,2.23.18.79,2024-09-25 08:12:13,,Netral
Suci Mukrimin,bagus jaeingannya,3,0,2.24.18.80,2024-09-25 08:11:20,,Netral
Amaq Kahar,baguss berkomunikasi negri negri sukaa,5,0,,2024-09-25 08:11:05,,Positif
Sulistia Ningsih,,4,0,2.24.18.80,2024-09-25 08:11:04,,Positif
Ncie Sri,bagus,5,0,2.24.18.80,2024-09-25 08:10:39,,Positif
Garcia Tias,ok,5,0,,2024-09-25 08:10:15,,Positif
Zulpah Padilah,yah mendownload aplikasi wa slalu lm,1,0,,2024-09-25 08:08:59,,Negatif
serigala gaming,aplikasi bagus berguna membantu berkomunikasi,5,0,2.24.18.80,2024-09-25 08:08:59,,Positif
Mashum Kece,membantu,5,0,2.24.18.80,2024-09-25 08:08:54,,Positif
Nazaruddin Muhammad,bansos cek whatsapp,1,0,,2024-09-25 08:08:22,,Negatif
Putra Simatupang,whatsapp kena pelanggaran alasan spam chat,1,0,2.24.18.80,2024-09-25 08:07:58,,Negatif
Baiq Jeniah,bagusâ™¡â™¡â™¡â™¡,5,0,2.24.13.77,2024-09-25 08:07:50,,Positif
Pengguna Google,ok boss q,5,0,2.24.18.80,2024-09-25 08:07:47,,Positif
Yana jha,cepat update,1,0,2.23.16.76,2024-09-25 08:07:42,,Negatif
Siti Qoriah,,5,0,2.24.18.80,2024-09-25 08:07:29,,Positif
Kikiw Kiw,whatsapp blokir berhasil membuka nya gabisa masuk beranda nya ya keblokir cuman nambahin orang kantor grup lohğŸ˜¡,1,0,2.24.18.80,2024-09-25 08:07:25,,Negatif
Soemanov Sergeant,kasih fitur menyimpan filenye sd card pengguna smartphone memory internal grup isinya file dokumenfoto backup database wa memakan memory internal smartphone,5,62,2.24.19.80,2024-09-25 08:06:55,,Positif
Azis Azis,bagus,3,0,2.24.18.80,2024-09-25 08:06:28,,Netral
Yanti Putri,tida mengakses aplikasi,5,0,2.24.18.80,2024-09-25 08:05:48,,Positif
Nirwana Nir,yaaawaaa,5,0,2.24.13.77,2024-09-25 08:01:15,,Positif
ikhwanul laila,whatsapp gak telfon,3,0,2.24.18.80,2024-09-25 08:00:59,,Netral
Safira Dwifebriyani,watsap nya ga d pake,5,0,2.24.18.80,2024-09-25 07:59:50,,Positif
David Villa,gw chat temen gw ajakena kenonhabis selesai kenongw wa gw teman lagikenon tolong perbaiki non aktifkan filtur keno nya,2,0,2.24.18.80,2024-09-25 07:56:10,,Negatif
Triyadi Ahmat,komunikasi teman keluarga,4,0,2.24.18.80,2024-09-25 07:55:19,,Positif
Yanto Basna,aplikasinya bagus banget deh pokoknya,5,0,,2024-09-25 07:55:07,,Positif
Adi Wardana,min tolong bikin status wa nya gak habis habis,5,0,,2024-09-25 07:54:41,,Positif
Galang Sakha,dikeluarkan grup fisika sistem nama guru fisika nama cantumkan nama bio privasi nyalakan orang,1,0,2.24.18.80,2024-09-25 07:54:40,,Negatif
Pengguna Google,please remove gif picture search thats not appropriate for children save our children,5,0,2.24.18.80,2024-09-25 07:53:58,,Positif
Surya Darma,sngat membantujdi kebutuhan sehari,5,0,2.24.10.85,2024-09-25 07:52:22,,Positif
Rama Trobo,bagus,5,0,2.24.19.82,2024-09-25 07:51:27,,Positif
Saputra Saputra,mantap,5,0,,2024-09-25 07:51:24,,Positif
Muh Toha,loss,5,0,,2024-09-25 07:50:34,,Positif
Alfian Syafitrah,oke,5,0,2.24.18.80,2024-09-25 07:48:11,,Positif
May May (Mem3),ko apdet tolong apdet,5,0,2.23.14.79,2024-09-25 07:46:29,,Positif
Supriadi Supriadi,bagus,5,0,2.24.18.80,2024-09-25 07:46:25,,Positif
Ela Ana,tdk terinstal didownload,5,0,2.21.10.16,2024-09-25 07:46:18,,Positif
Amin Jaelani,aplikasi mantap,5,0,2.24.18.80,2024-09-25 07:45:15,,Positif
yolanda soasa,whatsapp berkomunikasi sajaa,5,0,2.24.18.80,2024-09-25 07:44:55,,Positif
Kijang Beturus,aplikasi wa rumayan bagu ber komunikasi,5,0,,2024-09-25 07:44:45,,Positif
Angga Kresna,boros resource gb sendriğŸ¤¦,4,0,2.24.18.80,2024-09-25 07:43:47,,Positif
Dear fatimah,good,5,0,2.24.18.80,2024-09-25 07:43:22,,Positif
Naila Milani putri,baguss,5,0,2.24.19.82,2024-09-25 07:42:04,,Positif
Candra Majid,,5,1,2.24.11.79,2024-09-25 07:41:57,,Positif
SYAIFUL ANAM,bagus,5,0,2.24.18.80,2024-09-25 07:41:08,,Positif
Muhammat Hendra,tdk ditampilkan layar,5,0,2.24.18.80,2024-09-25 07:40:08,,Positif
Febriyanti iman2128,kesini kesanaa gajelasss nomor aktif jaringan bagus tp kode ga masuk tbtb kena spam lahh lahh anehhhhh tolong perbaiki donggg sampe ngeganggu kerjaan orangg,2,0,2.24.13.77,2024-09-25 07:39:56,,Negatif
Nadzwaa A,parahhh tibaÂ² chat gua ilang jelek banget ya whatsapp,1,0,2.24.18.80,2024-09-25 07:39:16,,Negatif
Nur Muhamad RIZKI Fachrudin,b aja,1,0,2.24.17.79,2024-09-25 07:38:58,,Negatif
Dhina Lia,good,5,0,,2024-09-25 07:38:02,,Positif
Gus Dur,kenapaa wa android gk blh buka,5,0,2.24.18.80,2024-09-25 07:36:45,,Positif
Adista Widiani,aman pakai whatsapp,5,0,,2024-09-25 07:35:44,,Positif
Muhammad Shafa faizza tunnaja Putra akbar,woi anj wa gw gak like gimna aelah,1,0,,2024-09-25 07:35:22,,Negatif
barok tamir,ok,5,0,2.24.18.80,2024-09-25 07:35:04,,Positif
Mery 01,â¤â¤â¤â¤ğŸ¥°ğŸ¥º,5,0,2.24.18.80,2024-09-25 07:35:00,,Positif
Alvin Nyel,keren,5,0,2.24.18.80,2024-09-25 07:34:48,,Positif
Alprazolam Riklona,fikri,5,0,2.24.18.80,2024-09-25 07:34:46,,Positif
awien fawaid,tolong bikin vitur anti spam nomer yg berbedabeda keganggu banget namanya spam chat yg kode depannya berbeda,1,0,2.24.18.80,2024-09-25 07:34:41,,Negatif
Anisah Setianingsih,,5,0,2.24.18.80,2024-09-25 07:34:06,,Positif
Miftahul Anwar Sejahtera,bagus,5,0,2.24.18.80,2024-09-25 07:33:48,,Positif
Reva Agustin,cpek update trusprasaan bru kmren update koq skrg hrus update lgi,2,0,,2024-09-25 07:33:39,,Negatif
Syahrul Arafah,ga nge banned,1,0,2.24.18.80,2024-09-25 07:31:19,,Negatif
Jono Ssr,u dah unduh w a nya aktip,5,0,2.24.13.77,2024-09-25 07:30:36,,Positif
Ata Raska,spam berkali kali nomor pakai,2,0,2.24.18.80,2024-09-25 07:30:25,,Negatif
Andrians Fradiansyah,puas,5,0,2.24.14.81,2024-09-25 07:30:21,,Positif
Irvan Hermawan,okay,4,0,2.24.18.80,2024-09-25 07:29:58,,Positif
Bang Ichal,ok,3,0,,2024-09-25 07:29:41,,Netral
Nanang Arie,story kontak terstruktur status terbaru ditengah status diatas,3,0,2.24.18.80,2024-09-25 07:29:11,,Netral
Diaz Melvin,saluran judi online,2,0,2.24.18.80,2024-09-25 07:29:07,,Negatif
Muhammad Abdul Alfaqih,mantap,5,0,2.24.18.80,2024-09-25 07:27:35,,Positif
Zami Saputra,aplikasi okeh tapiii,5,0,2.24.17.79,2024-09-25 07:27:04,,Positif
Vidian Saputra,wa gw gak blok nih gw tepatin janji gw,5,0,2.24.17.79,2024-09-25 07:26:50,,Positif
Saadah,lambat meng update,5,0,2.24.18.80,2024-09-25 07:26:44,,Positif
sahrul ramadhan,tolong tim whatsapp blokir akun whatsapp tolong udh cape,1,0,2.24.18.80,2024-09-25 07:26:17,,Negatif
Ari Aquary,bagus,5,0,,2024-09-25 07:25:00,,Positif
Muhammad Fahri,bodaaaat,1,0,2.24.18.80,2024-09-25 07:23:53,,Negatif
Enha Saputri,terbaik,5,0,,2024-09-25 07:23:37,,Positif
Syifa Feriska,bagus,5,0,2.24.17.79,2024-09-25 07:22:05,,Positif
Franky Angky,aplikasinya membantu,5,0,,2024-09-25 07:21:29,,Positif
Muh Rusdi97,,5,0,2.24.18.80,2024-09-25 07:20:14,,Positif
Nur Janah,bagus,5,0,2.24.18.80,2024-09-25 07:19:25,,Positif
Alfin Gmail,salut whatsapp hasil,5,0,2.24.18.80,2024-09-25 07:19:22,,Positif
Wong Sepat02,,5,0,2.24.11.79,2024-09-25 07:18:18,,Positif
Dimass Saputra,wa ga buka knp ya,1,0,2.24.18.80,2024-09-25 07:18:03,,Negatif
Sion Andreas Damanik,kegakudbausbajgshayaj hshs,5,0,2.24.18.80,2024-09-25 07:17:52,,Positif
rianti bags,akun blokir gatau gak menyepam,1,0,2.24.18.80,2024-09-25 07:17:42,,Negatif
Surat No,Ä·enapa sih gk dowloat udh instal,3,0,,2024-09-25 07:17:21,,Netral
Rafael .s,bermanfaat faat,5,0,,2024-09-25 07:16:44,,Positif
Handa Dinar,mantap,5,0,2.24.18.80,2024-09-25 07:15:38,,Positif
Juherimeck Meck,wa gak save no gak kasih nama buruk dah pokoknya wa duly,2,0,2.24.18.80,2024-09-25 07:13:44,,Negatif
Aldii Doang,bagus,5,0,2.24.18.80,2024-09-25 07:13:05,,Positif
Niken Maydhiya Yulistiani,gabisa upgrade love story wa nyaa,2,0,2.24.18.80,2024-09-25 07:13:04,,Negatif
Azizan Mile,membantu kenunikÃ si,5,0,2.24.18.80,2024-09-25 07:12:56,,Positif
krisno Ari,whats ber iklan aneeeh,5,0,2.24.19.82,2024-09-25 07:12:46,,Positif
Rafania Ajja,bagus banget aplikasinya,5,0,2.24.18.80,2024-09-25 07:12:33,,Positif
riki cahyadi,good,5,0,,2024-09-25 07:12:21,,Positif
Suwarni Junti,mayan,3,0,,2024-09-25 07:11:53,,Netral
Rb Awaliyah,knpa wa blokir nggak balikinagi,1,0,,2024-09-25 07:10:53,,Negatif
Kasman Bantaeng,wa hilang namanya,5,0,2.23.8.76,2024-09-25 07:10:50,,Positif
yumna auliya chanel,good,5,0,2.24.15.78,2024-09-25 07:09:39,,Positif
Naynilna,banget whatsapp live,5,0,2.24.18.80,2024-09-25 07:09:38,,Positif
Habibi Rny,mencadangkan buanget ğŸ˜­,4,0,2.24.18.80,2024-09-25 07:09:24,,Positif
Ryantii,akun spam aplikasi mempersulit penggunanya ambil tu bintang,1,0,2.24.18.80,2024-09-25 07:06:43,,Negatif
Junian Alan,pengalaman memakai apk bagus,5,0,,2024-09-25 07:06:12,,Positif
Isal Ganteng,keren,5,0,,2024-09-25 07:04:50,,Positif
Meriana Manalu,memakai whatsapp messenger,5,0,2.24.18.80,2024-09-25 07:03:25,,Positif
Ridho Akbar,,5,0,,2024-09-25 07:03:03,,Positif
Haikal Nurhakim,bagus,5,0,2.24.12.78,2024-09-25 07:02:56,,Positif
Halimah Sakhdiah,jelek,1,0,2.24.13.77,2024-09-25 07:02:46,,Negatif
Sopiah 59,ampli kasi baguss,3,0,2.24.13.77,2024-09-25 07:01:04,,Netral
BROTHER POESAT BERSATU chanell,londing ws,5,0,2.24.18.80,2024-09-25 06:59:00,,Positif
Sarah,bagus wa like nya,5,0,2.24.18.80,2024-09-25 06:58:13,,Positif
Pipit Kalista,jelek aja ngelag update bkn bagus jd lag,3,0,2.24.18.76,2024-09-25 06:57:46,,Netral
Puput Darmawan,wa kenak spam,5,0,2.24.18.80,2024-09-25 06:57:42,,Positif
Zahrona Rado,bagus,5,0,2.24.18.80,2024-09-25 06:57:12,,Positif
Mas â€œHafidzâ€ Mulya,wa mah suka eror,1,0,2.24.18.80,2024-09-25 06:56:27,,Negatif
bimbim slank,wa bisnis mudah terkena spam blokir,1,0,2.24.19.82,2024-09-25 06:55:43,,Negatif
preman kalem,nomer q tolak pdhl aplikasi resmi suruh pakai aplikasi resmi,1,0,2.24.18.80,2024-09-25 06:54:44,,Negatif
Andri Irawan,panggilan telpon suara demgar lawna bicara suara lawan bicara gak dengar hidupkan speaker suara lawan bicara ğŸ¤£,4,0,2.24.18.80,2024-09-25 06:54:42,,Positif
Wiwik Windi,sya sngat suka aplikasi,5,0,2.24.13.77,2024-09-25 06:52:10,,Positif
Rusmiyati,ok,5,0,2.24.18.80,2024-09-25 06:50:35,,Positif
Barnabas Lim bengk,,1,0,,2024-09-25 06:46:38,,Negatif
syarah azahra07,wa bagus,4,0,2.24.18.80,2024-09-25 06:46:25,,Positif
Hi Frien,tampilan status aneh acak acak gak kayak balikin kayan,1,0,2.24.18.80,2024-09-25 06:45:45,,Negatif
sahril kece,berinteraksi jarak,5,0,2.24.13.77,2024-09-25 06:45:27,,Positif
Abdul Ajid H,status berantakan beraturan,1,0,2.24.18.80,2024-09-25 06:45:03,,Negatif
Yand Svb,konfirmasi kakak aplikasi nya,1,0,2.23.8.76,2024-09-25 06:43:29,,Negatif
Paino Sp,pakai whats app irit ekonomis,5,0,2.24.13.77,2024-09-25 06:42:17,,Positif
Sri Goldlion,belumm unistal,1,0,2.24.13.77,2024-09-25 06:41:57,,Negatif
Maya Kadu,ok,5,0,2.24.11.79,2024-09-25 06:41:14,,Positif
Resti Ulen,whatsapp spam mohon perbaiki,5,0,,2024-09-25 06:40:55,,Positif
Dex Lia,mantap,3,0,2.24.13.77,2024-09-25 06:40:30,,Netral
Samsung Isirr,baguss,5,0,2.24.18.80,2024-09-25 06:39:32,,Positif
Tasya adista Adista,nmer ssya kena blokir,5,0,,2024-09-25 06:39:27,,Positif
Wonosobo Wonosobo,membantu saad tugas sekolah kalo guru kabarin gerup,3,0,2.24.12.78,2024-09-25 06:39:01,,Netral
Acuy Coet,ok,5,0,,2024-09-25 06:38:17,,Positif
Yadi Yadi,aplikasi instalpadahal updet,1,0,2.24.18.80,2024-09-25 06:38:14,,Negatif
Van,oi admin wa gua blokir gara gara kena bug wa guapas mindahin wa ku hp hp ku kena blokir alasan wa resmipadahal gua masukin nya pake wa play store nya langsungyang resmi nya,1,0,2.24.18.80,2024-09-25 06:36:16,,Negatif
Bleteng Espoo,mantap,5,0,2.24.18.80,2024-09-25 06:36:02,,Positif
Sinar Sinar,terbaik,5,0,2.24.13.77,2024-09-25 06:35:59,,Positif
Leo ismail togedder,blm pengalaman,5,0,2.24.18.80,2024-09-25 06:35:13,,Positif
Abah Udien Udien,mantaaap,5,0,2.24.18.80,2024-09-25 06:34:56,,Positif
Latifa Burhan,oke kali aplikasinyağŸ¥°ğŸ˜ğŸ˜ğŸ¥°,5,0,,2024-09-25 06:34:55,,Positif
Hery Setya,kkuar,5,0,2.24.18.80,2024-09-25 06:33:30,,Positif
Kamisem Baru,whasaapp,3,0,2.24.18.80,2024-09-25 06:32:52,,Netral
Mant Op,mantapppp pinjemmm haaa,5,0,2.24.18.80,2024-09-25 06:32:44,,Positif
Raeni,whatsapp nya telat update fitur like postingan udah update ğŸ¥²,2,0,2.24.18.80,2024-09-25 06:32:11,,Negatif
Er widodo widodo,pengalaman tukang urut,5,0,2.24.18.80,2024-09-25 06:32:09,,Positif
Aldi Al,bagus,5,0,2.24.18.80,2024-09-25 06:31:25,,Positif
SBL SABILUL ROSYADâ€¢TMâ€¢,aplikasi bagus tolong tambahin profil bergerak,5,0,2.24.18.80,2024-09-25 06:31:00,,Positif
Reno Setiawan,oke,5,0,2.24.15.78,2024-09-25 06:28:21,,Positif
Ridwan Dohot,mantep,5,0,2.24.18.80,2024-09-25 06:27:30,,Positif
Robby Putra,mantapp,5,0,2.24.13.77,2024-09-25 06:25:35,,Positif
Jarangin Sihotang,oke,5,0,,2024-09-25 06:24:49,,Positif
Rita Penita,bagus,5,0,2.24.18.80,2024-09-25 06:23:19,,Positif
Cep Farhan,knp nggak masuk wa,5,0,2.24.18.80,2024-09-25 06:23:01,,Positif
bagong terop,sip bagus,5,0,2.24.18.80,2024-09-25 06:22:36,,Positif
pabia utii,ok,5,0,,2024-09-25 06:22:28,,Positif
Tri heri Setiawan,alasan tibatiba akun whatshapp spampadahal mematuhi ketentuan layanan whatsapp,1,0,2.24.18.80,2024-09-25 06:22:02,,Negatif
Laili Oke,klo ad panggilan wa masuk suruh izin daftar,5,0,2.24.18.80,2024-09-25 06:21:42,,Positif
muhammad abror,whatsapp aja cuman kendala menerima kode sms whatsapp panggilan telepon whatsapp verifikasi masuk whatsapp tolong kembalikan whatsapp krna didalam nya edit sampe whatsapp eror teruuussss huaaaaa,1,3,2.24.8.85,2024-09-25 06:21:33,,Negatif
widya siska2008,bagustapi radaa erorr,5,0,2.24.17.79,2024-09-25 06:21:18,,Positif
Hadri â€œHadri rajaâ€ Hadri,temukan harapan selamat ber jaya,5,0,2.24.18.80,2024-09-25 06:21:03,,Positif
Spria Di,bagus ğŸ™ğŸ™ğŸ™ğŸ™,5,0,2.24.12.78,2024-09-25 06:20:32,,Positif
Ujang Alwi,mantap,5,0,2.24.18.80,2024-09-25 06:18:56,,Positif
Izhaq Maulana,bagus,5,0,2.24.18.80,2024-09-25 06:18:48,,Positif
rdj peredy peredy,gak bagus,5,0,,2024-09-25 06:18:39,,Positif
martini 10sptmbr,wa ga si kalo vc miror muka ku ga simetris jelek banget dah kalo vc tolong banget mah,1,0,2.24.18.80,2024-09-25 06:16:32,,Negatif
Azra Duri,bagus manyukai whatsapp,5,0,,2024-09-25 06:15:32,,Positif
Samdani Tika,aplikasi nya bgus cuman aga gitu,5,0,,2024-09-25 06:13:14,,Positif
Suwito _,pengen yg terbaik,5,0,2.24.18.80,2024-09-25 06:11:16,,Positif
Slamet Riyadi,komunikasi lancar,5,0,2.24.18.80,2024-09-25 06:11:08,,Positif
d.aidoel,mantaf,5,0,2.24.18.80,2024-09-25 06:09:14,,Positif
Fi Bi,tolong perbaiki tombol wa chat wa error sulit chat wa makasih,5,0,2.24.18.80,2024-09-25 06:08:59,,Positif
Neta 12,binta,1,0,2.24.18.80,2024-09-25 06:07:27,,Negatif
Syifa KaylaPutri,ngak update yağŸ™,2,0,2.24.18.80,2024-09-25 06:06:11,,Negatif
Edi Subroto,ya wa tulisan spampadahal udah dipake lagiterus gitu,5,0,2.24.18.80,2024-09-25 06:06:02,,Positif
Rinaa Rina,kirim pesan ya jaringan bagus,1,0,,2024-09-25 06:05:04,,Negatif
Supriyono Akbar,good,5,0,,2024-09-25 06:04:38,,Positif
Haji Euis,welllllll,5,0,2.24.13.77,2024-09-25 06:04:28,,Positif
Eyang Kunto,keren banget,5,0,,2024-09-25 06:04:13,,Positif
Heri Yanto,ğŸ‘ğŸ‘ğŸ‘ğŸ‘ğŸ‘ğŸ‘ğŸ‘,5,0,2.24.18.80,2024-09-25 06:03:36,,Positif
Ikbal Fika,membantu,5,0,2.24.17.79,2024-09-25 06:02:42,,Positif
Sobri Yana,sinyal kadang ilang,1,0,2.24.13.77,2024-09-25 06:00:54,,Negatif
Aldi New,nngancok,2,0,,2024-09-25 06:00:32,,Negatif
Saep Puloh,membantu,5,0,,2024-09-25 06:00:13,,Positif
Kelly Kusumbrue,suka,5,0,,2024-09-25 05:58:37,,Positif
Dullah atna,whatsaop mengalami akun kena spam,1,0,,2024-09-25 05:58:08,,Negatif
Jaswanto 123,membantu komunikasi bos mksh amplikasinya,5,0,2.24.18.80,2024-09-25 05:56:06,,Positif
Asep Kolil,ok b lh,5,0,,2024-09-25 05:53:33,,Positif
nadiOt nad,good,5,0,,2024-09-25 05:53:04,,Positif
Adrian Stori,tolong perbarui status whatsapp nya burik kesemeutan ya min,4,0,2.24.13.77,2024-09-25 05:52:46,,Positif
Bryan Adam,blokir ya keterangannya akun whatsapp spam ha maksudnya woi tolong yg berwajib tindak,1,0,2.23.13.76,2024-09-25 05:52:40,,Negatif
Hendrata Triwijaya,wa down fb down,3,0,2.24.18.80,2024-09-25 05:52:35,,Netral
Santo Napitupulu,wa kena spam,3,0,2.24.19.82,2024-09-25 05:51:26,,Netral
Adeeva Amey,aplikasi,5,0,2.20.195.17,2024-09-25 05:50:44,,Positif
indam dam,bagus,5,0,2.24.18.80,2024-09-25 05:49:52,,Positif
Risal Monisah,bagus,5,0,,2024-09-25 05:48:56,,Positif
Fino Fino,whatsapp kena blokir spam melakukanya tolong bantu dikurangi perbaiki,3,0,2.24.18.80,2024-09-25 05:48:31,,Netral
aiza nurhasanah,tolong akun akun slot dihapus,1,0,2.24.18.80,2024-09-25 05:47:56,,Negatif
Rezky,update nya orang udah berubah wa nya gua anjir,5,0,2.24.18.80,2024-09-25 05:47:41,,Positif
Fahrurozi Assegaf,whatsapp aneh knpa orang mengirim foto vidio kontak cepat d download pas kirim foto vidio pending pesan teks cepat terkirim signal d bilang stabil,1,0,2.24.18.80,2024-09-25 05:47:40,,Negatif
Teguh Wagiantoro,wa update update ni admin,1,0,2.24.18.80,2024-09-25 05:46:50,,Negatif
Heri Stella,membantu,5,0,2.24.18.80,2024-09-25 05:43:59,,Positif
Tatang Herdiman,whatsapp facebook dilarang dlm agama dunia rasulullah dunia trimakasih whatsapp,5,0,2.24.18.80,2024-09-25 05:43:16,,Positif
Mulya Kosong lima,kecewa,1,0,2.24.18.80,2024-09-25 05:41:43,,Negatif
Cristian Tian,applikasi bagus berkomunikasi praktis keluarga temanğŸ™,5,0,2.24.12.78,2024-09-25 05:40:40,,Positif
Assyifa Ramdani,aplikasi whatsapp messenger berguna menelpon mengetchat terima kasih,5,0,,2024-09-25 05:40:25,,Positif
Niko Faot2020,bgus,5,0,,2024-09-25 05:40:23,,Positif
Despi Gemoy,bagus,5,0,2.24.17.79,2024-09-25 05:40:20,,Positif
Susilo Andi,permohonan bantuan pengaktifan whatsapp kena spam,1,0,2.24.18.80,2024-09-25 05:39:07,,Negatif
Wong Soge,tolong whatsapp buka spam,1,0,2.24.2.76,2024-09-25 05:38:57,,Negatif
Habib Sigma,bagus perasaan langsung aplikasi berekspresi,5,0,2.24.17.79,2024-09-25 05:38:08,,Positif
Nurmi Saragih,beuhhh bagus nyee,5,0,2.24.17.79,2024-09-25 05:38:02,,Positif
Semat Ku,whatsapps blokir tolong buka blokir,5,0,2.24.19.82,2024-09-25 05:37:01,,Positif
Asep Herry T,keren,5,0,2.24.13.77,2024-09-25 05:36:48,,Positif
Imran Gleter 135,mantap,5,0,2.24.18.80,2024-09-25 05:36:42,,Positif
Uqun taLa,tim whatsapp ni dah main main,1,0,2.21.24.22,2024-09-25 05:36:22,,Negatif
Angga Aditya,tolong whatsapp hilangkan huruf y terimakasi,1,0,2.24.18.80,2024-09-25 05:34:15,,Negatif
Moh Huda,terima kasih wa terbantu wa,5,0,2.24.18.80,2024-09-25 05:33:45,,Positif
hanik kharisatul imaniah,bagus banget ngak da iklan,5,0,2.24.18.80,2024-09-25 05:32:08,,Positif
Pius Mote,aktiifkaan,5,0,2.24.18.80,2024-09-25 05:30:28,,Positif
Ayska ayudhya,ya suka buka story orang gak diklik pembaruan nya dibisukan mohon diperbaiki kenyamanan pengguna ğŸ™ğŸ»,4,0,2.24.18.80,2024-09-25 05:29:19,,Positif
Mr Kopi,oke,5,0,2.24.18.80,2024-09-25 05:28:42,,Positif
Kania Aska,developer menanggapi permintaaan kamikrn kmi bsa whatshapp,5,0,2.18.361,2024-09-25 05:27:26,,Positif
Putri Puspita lestari,putri puspita lestari tolong atit nor wa,4,0,2.23.25.78,2024-09-25 05:26:59,,Positif
Ratoguh Sianipar,apk gk,1,0,,2024-09-25 05:25:18,,Negatif
Ulan Dari,whatsapp bikin kesel banget nya kalo liat sw keu kiriin kecewa whatsapp mending pindah aja keu facebook whatsapp gak kaya asuğŸ‘¿ğŸ‘¿ğŸ‘¿ hhhhğŸ™€ğŸ˜¿ğŸ™€,1,0,,2024-09-25 05:25:10,,Negatif
Arvie Sibarani,akun tibatiba whatsapp kecewa aplikasi ğŸ‘,1,0,2.24.18.80,2024-09-25 05:24:49,,Negatif
P Agung,bagus,5,0,2.23.23.78,2024-09-25 05:24:08,,Positif
Mas Bray,download,1,0,,2024-09-25 05:22:55,,Negatif
Kiki James,kadang klw masuk cht aga lma dn gda ringtun,2,0,2.24.15.78,2024-09-25 05:22:29,,Negatif
Ahmad 81ghode,ok beut,5,0,2.24.18.80,2024-09-25 05:21:59,,Positif
Rahmatun,okay,5,0,2.24.13.77,2024-09-25 05:21:11,,Positif
Roy Jenifers,privat apanya privat kalo ngumpulin metadata pesan kontak lokasi histori pencarian konten pengguna bagusan signal messenger kemanamana uninstall,1,0,2.20.205.16,2024-09-25 05:20:35,,Negatif
Bakso Jumbo,ok,5,0,2.24.18.80,2024-09-25 05:20:16,,Positif
Salomo,wa ngelike,5,0,2.24.18.80,2024-09-25 05:20:10,,Positif
nina ja,bikin males liat story bikin ga nyaman tlong diperbaiki lg,1,0,2.24.18.80,2024-09-25 05:18:39,,Negatif
Mahyun Junior,tolong whatsapp pilihkan lgi,5,0,2.24.18.80,2024-09-25 05:18:37,,Positif
Marisa Amelia,aplikasi menelvon mudah cepat aplikasi status vitur,5,0,2.24.13.77,2024-09-25 05:17:59,,Positif
Uswatun Hasanah,instal ga gimana ya,1,0,,2024-09-25 05:17:33,,Negatif
Oppo A71,wa butuhkan,5,0,2.24.12.78,2024-09-25 05:17:11,,Positif
Ambon Ridwan,wtsaaf kena spam,1,0,2.24.18.80,2024-09-25 05:17:00,,Negatif
dekigio Beis,senang bngt,1,0,2.24.13.77,2024-09-25 05:16:52,,Negatif
Achmad Cnvs,update ribet baca storystatus mending durasi video drpd dibikn kyk facebook or ig model tampilannya menarik n ribet,1,0,2.24.14.81,2024-09-25 05:16:15,,Negatif
Patriot Patriot,matekur,1,0,2.24.17.79,2024-09-25 05:14:27,,Negatif
Arofik senjaya Senjaya,bagus,4,0,,2024-09-25 05:11:37,,Positif
Ifhal Ardiansyah,ko wa sy nga bsa masuk,4,0,2.22.24.78,2024-09-25 05:10:57,,Positif
Ezaa 1932,reting whatsapp,5,0,2.24.16.76,2024-09-25 05:10:33,,Positif
Nil Uniang,wa aktitkan menerima pesan,1,0,2.24.18.80,2024-09-25 05:10:32,,Negatif
Rion Rion,bagus,5,0,2.24.17.79,2024-09-25 05:09:53,,Positif
Didi Rosadi,ga vn ga tlpn,2,0,2.24.18.80,2024-09-25 05:09:49,,Negatif
Fatkhul Ulum,wa terkena spamgmn pulih lg,1,0,,2024-09-25 05:08:50,,Negatif
Aldo Aldo,berkomunikasi,3,0,2.24.18.80,2024-09-25 05:08:11,,Netral
Ati Trg,amplikasi bgscuman tolong jg akun kt dr penipuan,5,0,2.24.18.80,2024-09-25 05:07:42,,Positif
Heni Nurhaini,gak lelet bagus ğŸ‘,5,0,2.24.17.79,2024-09-25 05:07:31,,Positif
Wina Maryani,spam gak aplikasinya terganggu,1,0,,2024-09-25 05:07:24,,Negatif
Rustam,mantap,5,0,,2024-09-25 05:06:19,,Positif
Hayati Sitini,whatsapp buruk service nya pake banget aplikasi menelpon rekan client terdeteksi akun spam meeting jdi tergangu skrg ayo warga indonesia whatsapp lgi merugikan orang whatsappn versi lawas membantu orang jasa pelayanan lainya berguna mempersulit hidup development whatsapp amati dampak yg tlh trjdi,1,0,,2024-09-25 05:05:43,,Negatif
Supinah Supinah,buruk,2,0,2.24.13.77,2024-09-25 05:05:41,,Negatif
Nur Nurokhim,whatsaap jelek berulang kali akun blokir terusspam srkarang,1,0,2.24.17.76,2024-09-25 05:05:22,,Negatif
H Udin,hiduplah hemat berjuanglah kebenaran rukunlah umat amin amin,5,0,2.24.16.76,2024-09-25 05:05:01,,Positif
Famaza,knp panggil menerima panggilan apk aneh,1,0,2.24.18.80,2024-09-25 05:03:39,,Negatif
Tom Papua,kiguajubiga,5,0,,2024-09-25 05:03:00,,Positif
Adam Mardhani,wa pribadi terindikasi spam wa tdk spam meresahkan,1,0,2.24.18.80,2024-09-25 05:02:54,,Negatif
Fandi Jaya,mohon maaf blokir whatsapp,5,0,,2024-09-25 05:02:36,,Positif
Reskian Armin,kerena nda update,1,0,2.24.18.80,2024-09-25 05:02:04,,Negatif
Irma Irma,membantu,5,0,2.24.13.77,2024-09-25 04:59:57,,Positif
Babang robi robi,aplikasi bikin emosi beli kartu pakek diwit ganti kartu cumak palinang minggu udah blokir,2,0,2.24.18.80,2024-09-25 04:58:29,,Negatif
Adi Ardi,,5,0,,2024-09-25 04:58:18,,Positif
Muhammad Ivan,yth whatsappkenapa akun kena spam ngeganggu pekerjaan kurir paket,1,0,2.24.18.80,2024-09-25 04:57:24,,Negatif
Samsung Mataram,mantaaap,5,0,2.23.17.76,2024-09-25 04:57:17,,Positif
S Mo,oke,3,0,2.24.18.80,2024-09-25 04:57:05,,Netral
Darus Salam,bagus cepat,3,0,2.24.18.80,2024-09-25 04:56:58,,Netral
Utis Sebastian,j k k v ko,4,0,2.24.19.82,2024-09-25 04:54:57,,Positif
Qorib Jettcaep,apk gajelas dichat udh ceklis biru ga dibales,3,0,2.24.18.80,2024-09-25 04:54:28,,Netral
Budeck Jenggot,nomor wa spam,5,0,2.24.18.80,2024-09-25 04:54:19,,Positif
Rere Rado,bagus,5,0,2.24.18.80,2024-09-25 04:52:54,,Positif
Ermita suriani,bagus bgt,5,0,2.24.17.79,2024-09-25 04:52:31,,Positif
Sadam Yadi,bagus,5,0,2.24.13.77,2024-09-25 04:52:29,,Positif
Oppo Onno,whtsapp messenger selo,5,0,2.24.18.80,2024-09-25 04:49:27,,Positif
mohammad efendi,bagus gampang komunikasi terimakasih,5,0,2.24.3.81,2024-09-25 04:48:36,,Positif
Arifin Fin,good job,3,0,,2024-09-25 04:48:34,,Netral
Ery Ryy,bagus,2,0,2.24.13.77,2024-09-25 04:47:12,,Negatif
Suparyadi Yadi,iya bagus,5,0,,2024-09-25 04:46:50,,Positif
Ediek Mulyono,bagus,5,0,2.24.18.80,2024-09-25 04:45:40,,Positif
Zahira Fahmara,iya membantukami,4,0,2.24.18.76,2024-09-25 04:45:30,,Positif
Pramudya Wardana,alangkah pengambilan foto dr kamera wa stamp tanggal dll krn dokumentasi,5,0,2.24.18.80,2024-09-25 04:45:17,,Positif
imaroh sazfa,wa aneh wa yg aneh aneh gk wa spam engk wa blokir udah ganti nomer gitu tolooong ya aplikasinya perbaruhi,1,0,2.24.18.80,2024-09-25 04:45:17,,Negatif
Futikhatul Awa,nggk bunyi nya pas yg chat,3,0,2.24.13.77,2024-09-25 04:44:26,,Netral
Neng Aulia,pulihkan akun wea,5,0,2.24.19.82,2024-09-25 04:43:57,,Positif
Khairul Herul,whatsapp qt silaturahmi,5,0,,2024-09-25 04:43:36,,Positif
Agussit Milikit,,5,0,2.24.13.77,2024-09-25 04:43:11,,Positif
Slamet Slamet,aplikasi anjng nggk ngechat,1,0,2.24.18.80,2024-09-25 04:42:42,,Negatif
Ahmat Nur Wahid,bagus,5,0,2.24.18.80,2024-09-25 04:41:54,,Positif
RYAN PRIYO HUSNI,its increasingly difficult to log in using the old number because unofficial applications are always detected ive used the application from playstore but it doesnt work the old version is still better,1,21,2.24.18.80,2024-09-25 04:40:48,,Negatif
Efraim Komalig,saluran nya gak kebagian,1,0,2.24.18.80,2024-09-25 04:40:45,,Negatif
Nopiah Opi,whatsapp messenger bagus berguna orang terimakasih whatsapp messenger semangat yağŸ‘ğŸ‘ğŸ‘ğŸ‘,5,0,2.24.18.80,2024-09-25 04:39:50,,Positif
Rina Nose,oke,5,0,2.24.13.77,2024-09-25 04:39:09,,Positif
Nurhayati Nupus,knp ya ga buka,5,0,2.24.18.80,2024-09-25 04:35:11,,Positif
onan'z gaming,axdddsx,3,0,2.24.18.80,2024-09-25 04:32:27,,Netral
Reyhan Alfarizy,bagus,5,0,2.24.18.80,2024-09-25 04:31:25,,Positif
Nike Larasati,ya udah daftat whatsapp abis nya bacaan whatsapp diblokir sepam yng tau jawabanya,1,0,,2024-09-25 04:30:01,,Negatif
Rizky Syahputra,wa skrng gjls g ngelakuin blokir akun kena spam aneh,1,0,,2024-09-25 04:29:19,,Negatif
Iwan Aja,why areja rayhona e,4,0,,2024-09-25 04:29:15,,Positif
Rohan Al-Fatih,berbagi lokasi akurasinya ngga kaya ya lambat banget,4,0,2.24.17.79,2024-09-25 04:29:07,,Positif
Tiominar betty,mohon wa dibuka wa dibuka,5,0,2.24.18.80,2024-09-25 04:26:49,,Positif
Bil Sandy,k orxr mu kkixrg nya e ou b bok,4,0,,2024-09-25 04:26:43,,Positif
Ayunila Sari,wa daftar terblokir chat teman langsung keblokir pulih masuk keblokir tolong kualitas whatsapp diperbarui,1,0,2.24.18.80,2024-09-25 04:24:50,,Negatif
Awai Al faqih,notip muncul update,3,0,2.24.18.80,2024-09-25 04:24:41,,Netral
receh aja,wa jng elor bos wa,5,0,2.19.115,2024-09-25 04:23:25,,Positif
Wildan Fahmi Nikmatullah,ill give star because this app trash when i want to share my vid on my status the quality of video so bad can not hd please fix it for next update,3,0,2.24.18.80,2024-09-25 04:23:23,,Netral
Duwi handayani,mbah gugle inofatif membetikan masukkan yg,5,0,2.24.18.80,2024-09-25 04:22:29,,Positif
Toni Hidayat,ok,5,0,2.24.18.80,2024-09-25 04:22:04,,Positif
Ajay Sudrajat,vidio call,1,0,2.24.16.76,2024-09-25 04:20:49,,Negatif
Dewi amina albasra,knp ya tdk download aplikasi wa banget aplikasi,2,0,,2024-09-25 04:18:32,,Negatif
Isma Nudin,senang aplikasi membantu,5,0,2.24.18.80,2024-09-25 04:18:26,,Positif
PEDITA AMONDA,ok,5,0,2.24.18.80,2024-09-25 04:16:42,,Positif
Rizki Pi,rada susah ya update,3,0,,2024-09-25 04:16:39,,Netral
edi suliswanto,wathsap menyuruh dowlod versi memasukkan nomer telefon kode otp,5,0,2.24.18.80,2024-09-25 04:16:33,,Positif
Yadi Adi,whatsapp,5,0,,2024-09-25 04:15:18,,Positif
Bang regar Parsabar,ku mohon wastaf kenap ku slalu spam blokir gc kotor memosting poto telanjang,1,0,2.24.18.80,2024-09-25 04:14:29,,Negatif
Muhammad Ihsan Aljauhari,assalamualaikum ğŸ’– wa bagus i love you,5,0,2.24.16.76,2024-09-25 04:13:09,,Positif
Rosmawan Simanjuntak,bagus,5,0,2.24.16.76,2024-09-25 04:10:47,,Positif
Inventaris Komunikasi,belis gak,1,0,,2024-09-25 04:10:17,,Negatif
Bagas Sinaga,pembaruan status nya acak adul ga beraturan,1,0,2.24.16.76,2024-09-25 04:09:20,,Negatif
Asri Bis mail,low end,2,0,,2024-09-25 04:08:45,,Negatif
Wiwin Masniah,jelek bngtt,5,0,2.24.18.76,2024-09-25 04:08:20,,Positif
Endah Adnan,aduh ya setatus wa ga nyusun yg terbaru tolong donk kembaliin yg nyusun lg,4,0,2.24.18.80,2024-09-25 04:07:57,,Positif
Realme Narzo,mantap bngat aplikasi cuy,5,0,2.24.17.79,2024-09-25 04:05:20,,Positif
Kepo Boss,acc,5,0,,2024-09-25 04:04:27,,Positif
Konter Ku,membantu kelancaran bisnis,5,0,2.24.13.77,2024-09-25 04:04:00,,Positif
Uswatun Hasanah,bagus,5,0,2.24.18.80,2024-09-25 04:03:04,,Positif
FALEMO,uapdet ruangan memori,1,0,2.24.13.77,2024-09-25 04:02:57,,Negatif
Sifa mei NurZalaieah,update gimana,5,0,2.24.18.80,2024-09-25 04:02:34,,Positif
Cahyana 11,,3,0,2.24.18.80,2024-09-25 04:02:18,,Netral
Bundae Serly,bagus,5,0,,2024-09-25 04:01:43,,Positif
Muhammad Nuril anwar,aplikasi nya bagus minusnya ngechat dee dee gak balesÂ² cari lakiÂ² p hubungi,5,0,2.24.18.80,2024-09-25 04:01:00,,Positif
Yadin Yaadin,no wa,1,0,2.24.15.78,2024-09-25 03:58:02,,Negatif
Mita Ardilla,whatsapp ku gabisa ngelove ya padal udah update berkali kali tetep aja gabisa sarannya,4,0,2.24.18.80,2024-09-25 03:56:05,,Positif
Sri Darma 76,was app,5,0,2.24.13.77,2024-09-25 03:56:01,,Positif
Oppo a71,ok,5,0,2.24.18.80,2024-09-25 03:55:26,,Positif
Erwin Mulait,bagus,4,0,2.24.18.80,2024-09-25 03:54:32,,Positif
Paris Priyanto,kasih ranting,5,0,2.24.13.77,2024-09-25 03:50:39,,Positif
gunawan muhamad,memudahkan komunikasi,5,0,2.22.12.80,2024-09-25 03:49:53,,Positif
Fit_Wid22,video call yg wajah q ngeblur,2,0,2.24.18.80,2024-09-25 03:48:20,,Negatif
Keysha Gaming,update,1,0,2.24.18.80,2024-09-25 03:48:08,,Negatif
Virus Bae,memuaskan,5,0,2.22.16.75,2024-09-25 03:47:31,,Positif
Ayah Nurmatias,setor rp seratus ribu rupiah via rekening nelvi silvia bri bukittinggi,5,0,2.24.17.79,2024-09-25 03:47:20,,Positif
Tamar Here Wila,lebÃ¬h muda berkomunikasi dgn anak n keluarga n teman,5,0,,2024-09-25 03:45:14,,Positif
Jennifer Lynn Manuela,kasih bintang sebel suruh u pdate,1,0,2.24.13.77,2024-09-25 03:44:33,,Negatif
Revaldo triawijaya,aplikasinya bagus,5,0,,2024-09-25 03:42:36,,Positif
Anna regina,wa knp susah yasusak kirim video kirim chat kadang,1,0,,2024-09-25 03:41:51,,Negatif
Novi Yanto,aplikasi bagus,3,0,2.24.18.80,2024-09-25 03:41:15,,Netral
Resti Lisdianti,fitur likenya,2,0,2.24.18.80,2024-09-25 03:41:13,,Negatif
Fifien Dalama,whatsapp mantap,1,0,2.24.11.79,2024-09-25 03:40:51,,Negatif
Nurul Ipuel,terbaik,1,0,2.24.18.80,2024-09-25 03:40:46,,Negatif
Muhammad Suwono Idris,toko sembako m suwono idris simpang asambanjit jl jurus an sumberbaru,5,0,2.24.18.80,2024-09-25 03:40:00,,Positif
Munasiroh 1702,biar bacakecewa bgt dlu pke waskrng kena spampdhl ngga ngapainparah skrng wa,5,0,2.24.18.80,2024-09-25 03:39:28,,Positif
Sizuka Nobi,hrs diupdate ngumpulin data user setingan berubah dll,2,0,2.24.11.79,2024-09-25 03:38:32,,Negatif
Riko Purnomo,kasih bintang akunku berkali kali kena blok alasanya spam nge spam ngga ngga banget bikin darah doang,1,0,,2024-09-25 03:37:26,,Negatif
Siti Suliyati,memblokir acak,1,0,,2024-09-25 03:36:46,,Negatif
Abi Putra,,5,0,2.24.18.80,2024-09-25 03:36:01,,Positif
R.A. Rachman,wa buka,1,0,2.24.18.80,2024-09-25 03:35:56,,Negatif
Denih Alfarizki,aplikasi wa kena spam karna masukkan grup ga sampe skrng gabisa kebuka udh ajukan sebentar nya abis blokir tolong perbaiki spam,1,0,,2024-09-25 03:35:48,,Negatif
ningsih ning,membantu ğŸ‘ğŸ‘ğŸ‘ğŸ‘ğŸ‘,5,0,2.24.18.80,2024-09-25 03:33:38,,Positif
Andri Ate,bikin status langsung gaada gimanasih,4,0,2.24.18.80,2024-09-25 03:33:36,,Positif
Adhy Bastian,,4,0,2.24.13.77,2024-09-25 03:33:06,,Positif
Syam Ardhi,bintang pengembang whatsapp fitur ngeblokir pengguna whatsapp resmi wa gb otomatis,1,0,2.24.18.80,2024-09-25 03:32:43,,Negatif
Sony Marsony,ya watshap,5,0,2.24.19.82,2024-09-25 03:32:36,,Positif
Mario RustiBerek,mengunakan whatsap whatsap,4,0,2.24.18.80,2024-09-25 03:32:11,,Positif
gudel jaran,verifikasi no hp tdk menerima kode verifikasi mohon diaktifkan whatsapp,5,0,,2024-09-25 03:31:41,,Positif
Imam Ghozali,pengalaman pait sepam cuman pindah hp,2,0,2.24.18.80,2024-09-25 03:31:18,,Negatif
Pengguna Google,ok,5,0,2.24.7.81,2024-09-25 03:28:34,,Positif
aril wisnu,bagus,5,0,2.24.18.80,2024-09-25 03:26:51,,Positif
Neneng Siti rohmah,bags,5,0,2.24.13.77,2024-09-25 03:26:05,,Positif
Wa Boy,top bngttğŸ‘ŒğŸ‘,5,0,,2024-09-25 03:26:03,,Positif
Bambang agus sutiono,ikon menu favorit muncul watshaap,4,0,,2024-09-25 03:25:00,,Positif
Gilovemi 18,wa babi kau salah aq sma kau njeng,1,0,2.24.18.80,2024-09-25 03:24:21,,Negatif
Sloter Slot,mantul mantap,4,0,2.24.18.80,2024-09-25 03:23:29,,Positif
Bintang Prasetyo,â­â­â­â­â­,5,0,2.24.18.80,2024-09-25 03:21:17,,Positif
Muchlis Syah,,5,0,,2024-09-25 03:20:29,,Positif
Ru Di,ok,4,0,,2024-09-25 03:19:06,,Positif
Wamux,tolong perbaiki error an,2,0,2.24.18.80,2024-09-25 03:18:56,,Negatif
Ismail Burhan,iyh whatsapp sy panggilan masuk dpt,5,0,2.24.18.80,2024-09-25 03:16:05,,Positif
Iwan Lone,update wa,5,0,,2024-09-25 03:15:01,,Positif
Tessi Messi,whatsaap d buka kena spam tolong penjelasannya,1,0,2.24.18.80,2024-09-25 03:12:26,,Negatif
Gusman Telkom,tolong durasi status whatsapp menit gitu biar enak kalo jj durasinya tolong banget ya update durasi status whatsapp ğŸ™ sekian terimakasih,5,0,2.24.18.80,2024-09-25 03:11:20,,Positif
Nurul Nikmah,susah d perbarui,5,0,2.24.12.78,2024-09-25 03:10:32,,Positif
Fina 123,bagus,5,0,2.24.18.80,2024-09-25 03:10:21,,Positif
Aceng Hasym,alhsmdulillah bagus,5,0,2.24.13.77,2024-09-25 03:08:01,,Positif
Glan Ter,mohon maaf nya whatsapp mohon perbaiki whatsapp spam mohon perbaiki fitur nya boooos q,1,0,2.24.18.80,2024-09-25 03:07:49,,Negatif
Ladah Manis,layanan komunikasi tangguhkan wa pengguna normal njinggh,1,0,2.24.18.80,2024-09-25 03:05:57,,Negatif
uswatun hasanah Uswatun,knpa ya buka whatsapp trs,5,0,,2024-09-25 03:05:21,,Positif
Sisai Lah,salah miminnya hp rusak disuruh buka wa hp lihat kode verivikasi gimana lihatnya mestinya kodenya sms wa kartunya dimasukkan hp ngapain suruh buka hp pengaturan pengaturan mimin mimin,1,0,2.24.18.80,2024-09-25 03:03:55,,Negatif
Budi Sugiharto,oke,5,0,2.24.17.79,2024-09-25 03:02:59,,Positif
Heri Yadi,kena spam,2,0,2.19.115,2024-09-25 03:00:23,,Negatif
Aweng222,knp wa force close,1,0,2.24.18.80,2024-09-25 03:00:06,,Negatif
Susi Susi,gak didolot,5,0,2.24.13.77,2024-09-25 02:59:42,,Positif
Sabri Indrawan,tolong blokir dimasukan grup penipuan grup dikeluarkan report akun blokirke ban terima kasih whatsapp,1,4,2.24.18.80,2024-09-25 02:57:58,,Negatif
Ani Mulyani,well,5,0,2.24.13.77,2024-09-25 02:57:35,,Positif
Elsyana Elsyana,membantu,5,0,2.24.18.80,2024-09-25 02:57:14,,Positif
Ronald Ro,bagus skli,5,0,2.24.18.80,2024-09-25 02:53:16,,Positif
Maniac Youtube,mengirim gambar muter,1,1,2.24.18.80,2024-09-25 02:52:47,,Negatif
Naufa Naisya,ga update,1,0,2.24.18.80,2024-09-25 02:52:12,,Negatif
Ajeng auliya mughni,oke,5,0,2.24.12.78,2024-09-25 02:52:09,,Positif
Airin Kartafiyani,bagus,5,0,2.24.18.80,2024-09-25 02:51:23,,Positif
Syarif Hidayat,bagus,1,0,2.24.18.80,2024-09-25 02:49:54,,Negatif
Winda Winda,aplikasi bagus,5,0,,2024-09-25 02:49:40,,Positif
Mbah Darmi,sinyal daya tangkap,5,0,2.24.18.80,2024-09-25 02:49:24,,Positif
Duki Duki,good,5,0,2.24.18.80,2024-09-25 02:49:08,,Positif
Siti Maimin,ganti hp daftar whatsapp akun tinjau spam terdaftar saiki ruwet ya,1,0,2.24.18.80,2024-09-25 02:47:43,,Negatif
Diah Pangesti,perbaharui ya,1,0,2.24.13.77,2024-09-25 02:47:39,,Negatif
Hj.fitriani Nursad,,5,0,2.24.18.80,2024-09-25 02:47:07,,Positif
Exelium Char,wa asuuuuuu,1,0,,2024-09-25 02:45:44,,Negatif
YUYUN ARFIAH,wa kontolllllll,1,0,2.24.10.85,2024-09-25 02:45:04,,Negatif
Sukini 1f,initial may donlotsusah,5,0,2.24.18.80,2024-09-25 02:44:09,,Positif
putra elpano,kadang eror,4,0,,2024-09-25 02:43:30,,Positif
Adot Rizki,bagua berkualitas,5,0,2.24.13.77,2024-09-25 02:43:24,,Positif
rafa ibrahim,mengirim wa,4,0,2.24.13.77,2024-09-25 02:42:14,,Positif
Tegar Ganteng,bagus,5,0,2.24.13.77,2024-09-25 02:39:44,,Positif
Zul Fi,tolong whatsapp klo nomor hack orang jahat blokir hp gak dipake kegiatan sekolah blokirnya perangkat ngehack hp,1,0,,2024-09-25 02:39:44,,Negatif
Muhammad Sebrok,selamat pagi okee,5,0,,2024-09-25 02:39:43,,Positif
Nur Insan,sinyal wa bagus,4,0,2.24.13.77,2024-09-25 02:38:42,,Positif
zul hendri,login,5,0,2.24.18.80,2024-09-25 02:38:33,,Positif
Bolang Dia,,5,0,2.24.18.80,2024-09-25 02:38:26,,Positif
Nyoman Jelantik,baguss,5,0,2.24.15.78,2024-09-25 02:35:01,,Positif
Mickhael Montolalu,nice,5,0,,2024-09-25 02:33:55,,Positif
Jainab Seragih,golf job,5,0,2.24.18.80,2024-09-25 02:33:23,,Positif
Nurlelah,kesini aneh pembaharuan,5,0,2.24.18.80,2024-09-25 02:33:18,,Positif
Pengguna Google,aplikasi nya bagus bermanfaat buka aplikasinya jaringan bagus kesalahan tolong saran,2,0,2.24.18.80,2024-09-25 02:32:51,,Negatif
thepower Offlove,ok,5,0,2.24.18.80,2024-09-25 02:32:32,,Positif
Infinix Smart 8,usaha la,3,0,2.24.18.80,2024-09-25 02:32:24,,Netral
Sri Muliani,bermanfaat,5,0,,2024-09-25 02:31:34,,Positif
Fariansyah Bahri,pakek nomer,5,0,2.24.18.80,2024-09-25 02:31:04,,Positif
Hasanuddin Hasanuddin,whatsapp d blokir butuh karna whatsapp,3,0,2.24.18.80,2024-09-25 02:29:27,,Netral
maya vaneitta,whatsapp keren,5,0,2.24.13.77,2024-09-25 02:29:26,,Positif
Yanti Martini,bagus,3,0,2.24.13.77,2024-09-25 02:29:14,,Netral
Wong Lalan,bagus,5,0,,2024-09-25 02:28:45,,Positif
Ubaidillah,ğŸ‘,5,0,2.24.19.82,2024-09-25 02:23:21,,Positif
Lucia Da costa,bagus banget fiturnia,5,0,2.24.18.80,2024-09-25 02:21:31,,Positif
Uda Toy,r dfofho,5,0,2.24.14.81,2024-09-25 02:20:54,,Positif
Hermawan Boeloe,keren,5,0,2.24.17.79,2024-09-25 02:20:14,,Positif
Handika Anggara,whatsapp membantu komunikasi teman keluarga pesan yg bagus semoga apk berkembang pesan yg terimakasih ğŸ™,5,0,2.24.16.76,2024-09-25 02:18:45,,Positif
Su tarmin,capek wa kena spam trs gimana ngasih rating,5,0,2.24.18.80,2024-09-25 02:16:25,,Positif
Aulia Ramadhani suci,bagus banget,5,0,2.24.18.80,2024-09-25 02:15:44,,Positif
Kang jus Pucok,suara sember pakai telpon,4,0,2.24.18.80,2024-09-25 02:14:53,,Positif
Syukur Podiaro,bermanfaatğŸ‘ğŸ»,5,0,2.24.18.80,2024-09-25 02:14:22,,Positif
Fidelio Malik Dores,aplikasi bagus mudah membantu bagikan imformasi teman keluarga saran tambahkan program lebi cangi versi,3,0,2.24.13.77,2024-09-25 02:13:29,,Netral
Amelia Kumalasanti,sdh bagus d puas tp pembaruan,1,0,2.24.13.77,2024-09-25 02:13:20,,Negatif
milla Kartika,keren keblokir mulu,1,0,2.24.18.80,2024-09-25 02:13:04,,Negatif
Aulia Syahputra,kalo whatsapp mantap fitur nyakalo tambahin fitur status wa like gitubiar kayak fbjadi bagus gitubiar like tambahin fitur status wa hdbiar gambar nya bagusğŸ”¥ kek nya aja sihkalo yg setuju pencet yağŸ˜ğŸ™ğŸ»,5,0,2.24.17.79,2024-09-25 02:11:12,,Positif
Jempol Koki,tolong dibantu dibuka,5,0,2.24.17.79,2024-09-25 02:11:10,,Positif
Ahmad Yani,mantap,5,0,2.23.11.77,2024-09-25 02:09:20,,Positif
Dian Achmad,sangatt membantu pekerjaan,5,0,,2024-09-25 02:08:53,,Positif
Mas Darto,lemot,1,0,2.23.25.83,2024-09-25 02:08:27,,Negatif
Riwayanto,ya nomor sy tdk sy aktifkan,4,0,2.23.10.77,2024-09-25 02:07:55,,Positif
Yeni Kusumawati,kena spamwhatsapp dibukabagaimana tolong dibantu,5,0,2.24.18.80,2024-09-25 02:07:46,,Positif
Adi Firdaus,gak kebuka,1,0,2.24.18.80,2024-09-25 02:07:15,,Negatif
Tri Handayani,mm,2,0,2.24.17.79,2024-09-25 02:05:48,,Negatif
Alex Sanjaya,membantu,5,0,2.20.195.17,2024-09-25 02:03:52,,Positif
Acik Angah,keren,5,0,2.24.16.76,2024-09-25 02:03:10,,Positif
Fefasya Id,mantap,5,0,,2024-09-25 02:01:56,,Positif
iqbal Ponti,sang at bagus,5,0,2.24.18.80,2024-09-25 02:01:55,,Positif
SAPRUDDIN,memuaskan terimakasih,5,0,2.23.23.78,2024-09-25 02:01:47,,Positif
urmen Wijaya,bagus,5,0,2.24.19.82,2024-09-25 02:01:14,,Positif
rasta rahmadhan,whatsapp mempersulit penggunanya spam kerja whatsapp terpercaya berkerja whatsapp,1,0,2.24.18.80,2024-09-25 02:01:05,,Negatif
Ahmad Saputra,bagus kda d instal,5,0,2.24.13.77,2024-09-25 02:01:05,,Positif
obrax abrix,bagus,4,0,,2024-09-25 01:59:15,,Positif
adhi saikar,kerja sawit,1,0,2.24.14.81,2024-09-25 01:57:25,,Negatif
Fajar Solihin,kontak nama hp hilang aneh banget,1,0,2.24.18.80,2024-09-25 01:57:25,,Negatif
Babi berwajah Laknat,mntap,1,0,2.24.11.79,2024-09-25 01:56:30,,Negatif
Ichi Chania,optimal,5,0,2.24.13.77,2024-09-25 01:55:52,,Positif
David Yuli18,whatsapp messenger update love status teman,2,0,2.24.19.82,2024-09-25 01:55:33,,Negatif
Maz Adit,menarik,5,0,2.24.16.76,2024-09-25 01:55:32,,Positif
Mimi Mariamah,knp updt trus si memo nya kaga muat sumpah beli hp llagi,1,0,2.24.13.77,2024-09-25 01:55:12,,Negatif
Istono Nit,good,5,0,,2024-09-25 01:54:53,,Positif
Rabbani Alesha,aplikasi membantu berkomunikasi trimakasih watsap,5,0,2.24.13.77,2024-09-25 01:54:33,,Positif
Wawan Vicky,ğŸ‘,5,0,2.24.18.80,2024-09-25 01:54:02,,Positif
Damin 567,membantu,5,0,2.24.18.80,2024-09-25 01:53:59,,Positif
Ilis Lisna,suka saran aplikasi tolong fitur love d pinggir sw fiturnya update menambah bintang nyğŸ™ğŸ»ğŸ¥°,3,0,2.24.18.80,2024-09-25 01:52:21,,Netral
Ria Sri Rachman,chat kali hilang tibatiba chat mengulang,2,0,,2024-09-25 01:52:08,,Negatif
Suyudi Aja,sd g xx tz xx s ss ddr xx xx dewe cc sw,1,0,2.24.18.80,2024-09-25 01:51:16,,Negatif
Suciati Lestari,bagus,5,0,2.24.13.77,2024-09-25 01:50:02,,Positif
rifariyanto 09,kokpunya wa nya gak fitur like story nga ya,3,0,2.24.20.19,2024-09-25 01:49:50,,Netral
Suparman BP,tlong dibantu wa memanggil nomor menelpon via panggilan wa otomatis tertolak muncul panggilannya layar hp cek pengaturan bermasalah,1,0,2.24.18.80,2024-09-25 01:49:10,,Negatif
Dede Roman,whatsapp fitur like mohon tindakan nya min trimkasi,4,0,2.24.19.82,2024-09-25 01:49:09,,Positif
KMK Chanell,mantap,5,0,2.24.13.77,2024-09-25 01:49:03,,Positif
Lena Lestari,praktis mudahh cepat,4,0,,2024-09-25 01:48:46,,Positif
Pak Telang,hy salken dr abdulla raiz,1,0,2.24.8.85,2024-09-25 01:48:14,,Negatif
Wahyu Way,mintak aplikasi whsaapp instal nama sari,5,0,,2024-09-25 01:47:22,,Positif
Endang Sugiarto,mantap,5,0,2.24.18.80,2024-09-25 01:46:35,,Positif
koko komarudin,pembaruan status saluran pengguna wa status status saluran posisi penempatannya terbalik nyaman status saluran arah samping,4,0,2.24.11.79,2024-09-25 01:45:49,,Positif
Ahmad Danial,memuaskan,3,0,2.24.13.77,2024-09-25 01:45:07,,Netral
Supolo margpyoso Margoyoso,merbot,5,0,2.24.17.79,2024-09-25 01:44:31,,Positif
teknisi ac purwokerto (ugie ac),susah updatenya hp ku yg jadul yaa ğŸ˜Š,5,0,2.24.18.80,2024-09-25 01:43:34,,Positif
Edi Gunawan,suka,5,0,2.24.13.77,2024-09-25 01:42:52,,Positif
Raditya Agung,membantu berkomunikasi mudah,5,0,2.24.18.80,2024-09-25 01:42:43,,Positif
Laila Ramdani,suka banget pake aplikasi gak ribet gampang aturan terimakasih aplikasi,5,0,2.24.13.77,2024-09-25 01:41:56,,Positif
Yunita ta,knp sya aplikasi blokir sangatt jelekkk sekaliii download jlkk sekli,1,0,2.24.19.82,2024-09-25 01:41:15,,Negatif
Viki Adriansyah,bagus ngeleg,5,0,2.24.18.80,2024-09-25 01:41:09,,Positif
Selviana Bonggoibo,kesulitan mendengar suara penelepon vc hp amanaman,3,0,2.24.18.80,2024-09-25 01:40:05,,Netral
keisha Keyra,top,5,0,2.24.18.80,2024-09-25 01:40:00,,Positif
Danu Pratama,dancok i guoblok to raimu pekok poll cokkk cokkkk goblok,1,0,2.24.18.80,2024-09-25 01:39:55,,Negatif
Putri Oki,klapa muda murni karangduren sokaraja rt rw,5,0,,2024-09-25 01:39:02,,Positif
Maclaren 720,hallo kk aplikasi whatsapp tolong kali mengulangi lagih kalo mengunakan whassap spam tolong gunain lagih whatsapp mengulangin lagih kayak spam jujur maaf ğŸ™ğŸ»ğŸ™ğŸ»ğŸ˜­ğŸ˜­ğŸ˜­ğŸ™ğŸ»ğŸ˜­ğŸ˜­ğŸ˜­ğŸ˜­ğŸ™ğŸ»ğŸ˜­ğŸ˜­ğŸ˜­ğŸ˜­,5,0,2.24.18.80,2024-09-25 01:38:58,,Positif
Jusmaini,wahabtidak nisa,5,0,2.24.13.77,2024-09-25 01:38:49,,Positif
Faisal Hidayat,,5,0,,2024-09-25 01:38:46,,Positif
Bayu Bayu,mohon whatsapp memperbaiki whatsapp update,2,0,2.24.18.80,2024-09-25 01:37:29,,Negatif
Nizar Nini,keren,5,0,2.24.13.77,2024-09-25 01:35:29,,Positif
Yori Azka,top bnget deh dngan apk jdi memudhkan berkomunikasi,5,0,2.24.16.76,2024-09-25 01:34:02,,Positif
PUSKESMAS MOJOPANGGUNG,okclear sip,4,0,2.23.25.83,2024-09-25 01:33:39,,Positif
rosidin udin,alhamdulilah,5,0,2.24.18.80,2024-09-25 01:33:14,,Positif
arya family channel,bug,1,0,2.24.18.80,2024-09-25 01:32:56,,Negatif
Ririn Elizabeth,,5,0,2.24.18.80,2024-09-25 01:32:49,,Positif
Kar Jo,membatu,5,0,2.24.18.80,2024-09-25 01:32:22,,Positif
Sunar Ti,bagus,5,0,2.24.18.80,2024-09-25 01:32:22,,Positif
Suparto Ato,senang bergabung,5,0,2.24.13.77,2024-09-25 01:32:08,,Positif
Djava channel,eror perbaharui,1,0,2.24.18.80,2024-09-25 01:31:45,,Negatif
Yap Afun,knp whatsapp skrg kluar sndri pdhl sdh terdaftar lwt goggle,1,0,2.24.18.80,2024-09-25 01:30:54,,Negatif
Gabriel Papua,mantap,5,0,2.24.13.77,2024-09-25 01:30:18,,Positif
Annisa Nisa,iyo bagus,5,0,2.24.18.80,2024-09-25 01:30:14,,Positif
Kakung Dipo,rumit ribet dok hilang,2,0,2.24.18.80,2024-09-25 01:27:59,,Negatif
Yusup Kicahyono,mantap,5,0,2.24.18.80,2024-09-25 01:27:32,,Positif
Fakhira Fakhira,,3,0,2.24.18.80,2024-09-25 01:26:10,,Netral
Andre,nyaman rapih,5,0,2.24.18.80,2024-09-25 01:24:32,,Positif
Haris Sanjaya,ajg semenjak update gangguan benerin jukiberg guwoblog,1,0,2.24.18.80,2024-09-25 01:22:51,,Negatif
Alfi dian,mntap,5,0,2.24.18.80,2024-09-25 01:22:21,,Positif
Idoy Idoy,bgus,5,0,2.24.19.82,2024-09-25 01:22:20,,Positif
Ani Setiawati,alhamdulillah suka akun,5,0,2.24.18.80,2024-09-25 01:20:20,,Positif
Benediktus Dimi,aplikasi terbaik,5,0,2.24.18.80,2024-09-25 01:19:04,,Positif
aep muhamad,ok,4,0,2.24.18.80,2024-09-25 01:19:03,,Positif
Aulia lp Lp,erorr dibuka apknya dibuka lgsg,1,1,2.24.18.80,2024-09-25 01:18:51,,Negatif
Soni Setiawan,sipppp,5,0,2.24.18.80,2024-09-25 01:16:17,,Positif
Restu Restu bagaswara,okey,5,0,2.24.13.77,2024-09-25 01:15:28,,Positif
della debora,whatsapp versi,1,0,2.24.19.82,2024-09-25 01:15:19,,Negatif
Yasirrr Aja,gajelas whatsapp terkena banned tibatiba alasan spam sungguh,1,0,2.24.18.80,2024-09-25 01:13:36,,Negatif
Edi Susanto,whatsapp main blokir blokir aja pemberitahuan pengguna sesuai gmail kecawa bangtğŸ˜”ğŸ˜”,1,1,2.24.18.80,2024-09-25 01:13:09,,Negatif
Solikul Hadi12,jos,5,0,2.24.12.78,2024-09-25 01:12:59,,Positif
Eko Saputro,menyenangkan,5,0,2.24.13.77,2024-09-25 01:10:28,,Positif
Riky Jekson,wa virall nama riky alamat jalan rawa kuning gang inpres rtrw norumah b kelurahan pulo gebang kecamatan cakung jakarta timur karna keluarga mantan presiden soeharto soekarno yg negara indonesia merebut negaranegara negeri contoh nya negara uni eropauni stated americabelanda negara nya karna indonesia orang yg daftar buku hitam internasional teroris tdk tau nya keluarga asli negeri negara negeri kecuali indon,5,0,2.24.18.80,2024-09-25 01:10:22,,Positif
Rafi Arya,bagus baget,5,0,2.24.12.78,2024-09-25 01:09:27,,Positif
mas rahmat 27 (sie boyy),aplikasinya bagusss bangethanya bintang yg berbicara,5,0,2.22.24.78,2024-09-25 01:07:51,,Positif
Asriyanto Asriyanto,bagus komunikasi berkirim kirim pesan foto fideo,5,0,2.24.13.77,2024-09-25 01:07:19,,Positif
Ahmad Yasin,bgus aplikasi nya suka,5,0,2.24.17.79,2024-09-25 01:06:54,,Positif
Riansilitong Riansilitonga,bagus,5,0,2.24.17.79,2024-09-25 01:06:44,,Positif
Khoiryl Krishna,apdet apk taik pemborosan kali,1,1,2.24.13.77,2024-09-25 01:05:42,,Negatif
Aswin Win,bagus,5,0,2.24.18.80,2024-09-25 01:03:15,,Positif
Kasih 321,bagus,5,0,2.24.18.80,2024-09-25 01:03:05,,Positif
Wardi S,aja kena spam teruss gk melalukan,1,1,2.24.18.80,2024-09-25 01:02:02,,Negatif
Ni Wayan Megasari,wa ku notifnya nggak adağŸ˜Œ wa masuk ngga notifikasi buka bnyak wa masuk udah seting notifikasi tetep aja heran,3,0,2.24.18.80,2024-09-25 00:58:28,,Netral
Adytia Fitrah,keren sih,5,0,,2024-09-25 00:58:21,,Positif
Roy Bekasi,mohon bantuannya whatsapp kena spam melanggar ketentuan,5,0,2.24.18.80,2024-09-25 00:58:08,,Positif
Painah Painah,mbak lna lna,1,0,,2024-09-25 00:57:49,,Negatif
Iwan,wa diblokir kerja,1,0,2.24.14.81,2024-09-25 00:57:40,,Negatif
khairuddin official,update buruuuuuuuuuuuuukkkkkk story gk berturan,1,0,2.24.18.80,2024-09-25 00:56:38,,Negatif
Randi rianto,mantap,5,0,2.24.18.80,2024-09-25 00:56:17,,Positif
Syaeful Pata,very good,5,0,2.24.19.80,2024-09-25 00:56:12,,Positif
Ni Wayan Yuyut Wirati,good,5,0,2.24.18.80,2024-09-25 00:53:55,,Positif
Verdy ambivert,ampir minggu wa eror truspeninjauan terussudah sya laporkan berkali spam pelanggaran whatsaptpi bgtutidak titik terang laporan,1,0,2.24.18.80,2024-09-25 00:53:29,,Negatif
Wahyu Wulandari,suruh update gak muter,4,0,2.24.13.77,2024-09-25 00:53:14,,Positif
Renaldi Prasetyo97,kaya sih wa update kirim foto gak sesuai urutan dipilih terganggu pekerjaan kirim laporan foto via wa tolong diperbaiki,2,0,2.24.18.80,2024-09-25 00:51:09,,Negatif
Ratman Fakir,bagus,5,0,2.24.18.80,2024-09-25 00:51:06,,Positif
Hazel Rianda,bagus,5,0,2.24.13.77,2024-09-25 00:50:55,,Positif
Rangga Aditya,bagua,5,0,2.24.18.80,2024-09-25 00:49:53,,Positif
Iwan Jasmani,wa sy erorkenapa ya,5,0,2.24.18.80,2024-09-25 00:47:40,,Positif
Malika Abidin,bagusss,5,0,2.24.18.80,2024-09-25 00:47:07,,Positif
Ulfa Ira,salahku,1,0,2.24.18.80,2024-09-25 00:46:15,,Negatif
Ahmad Dani,yatem,5,0,2.24.18.80,2024-09-25 00:46:06,,Positif
Rosinah Ros,membantu,5,0,,2024-09-25 00:45:34,,Positif
Saepul Saepul,wa aneh udh trus aja nuduh kalo akun nya mengunakan spam pdhal ngak spam apaapa trus aja tinjau mlah kesel mhon perbaiki sya apaapa,1,0,2.24.18.80,2024-09-25 00:44:50,,Negatif
Anindita Kesya,,5,0,2.24.13.77,2024-09-25 00:43:56,,Positif
Zaenal Abidin,nambah pengetahuan wawasan,5,0,2.24.18.80,2024-09-25 00:43:45,,Positif
Nenti Mekarwangi,bagus,5,0,,2024-09-25 00:43:14,,Positif
Evi Murniningsih,apk jelek update trs mlah ga update,1,1,,2024-09-25 00:41:50,,Negatif
Raziq Zalfi,ğŸ™ğŸ‘,5,0,2.24.13.77,2024-09-25 00:41:40,,Positif
Budi Ogut,wascap,5,0,2.24.18.80,2024-09-25 00:40:45,,Positif
M Thahir,i y y gg v c l uc kh kk u u ggyk k jjft t r u bu bu hppnh ff t ooo,4,0,2.24.10.85,2024-09-25 00:39:32,,Positif
Mohamad Nurkolis,akun wa ngak masuk nomerku udah whatsapp ngak kayak akunku kemaren blokir tolong kembalikan akun,1,0,2.24.18.80,2024-09-25 00:38:28,,Negatif
Endah Endah,apk bngsat,1,0,2.24.13.77,2024-09-25 00:36:41,,Negatif
Arifelani29 Uyeee.,ga whatsappsaya kesalahan apapun tibakena spamtolong perbaiki kaya gitumending whatsapp,1,0,2.24.15.78,2024-09-25 00:35:52,,Negatif
M.Aufal Marom,tolong kasih fitur anti spamaku diserang virtex,5,0,2.24.18.80,2024-09-25 00:34:44,,Positif
Dede Tini,kalo yg bikin sw terbaru ga sesuai urutan nya ngacak kek aneh aja gtuu ga kaya nya tolong perbaikiğŸ™,3,0,2.24.18.80,2024-09-25 00:34:22,,Netral
Anak Koretan,terganggu komen ruang penuh,3,0,2.24.16.76,2024-09-25 00:34:21,,Netral
Abdulrachman,akun diblokir gara laporan yg memfitnah memblokir nomor orang spam dikehidupan akun dikirimi virus mohon team whatsapp tolong direfisi ulang keputusan yg adil terimakasih,1,0,2.24.18.80,2024-09-25 00:33:41,,Negatif
Titik Kusnadi,bagus,3,0,2.24.13.77,2024-09-25 00:32:32,,Netral
Sance Ndaong Ndaong,membantu komunikasi mengirim pesan mudah cepat dimana vidio cal chat pribadi nya membantu,5,0,2.24.10.79,2024-09-25 00:30:21,,Positif
emen emenan,berkerja ikhlas hati,3,0,2.21.12.21,2024-09-25 00:29:52,,Netral
Rizka Zulkarnain,puas sekli,5,0,2.24.13.77,2024-09-25 00:28:30,,Positif
Radit Pratama,bagus,5,0,2.24.18.80,2024-09-25 00:27:56,,Positif
Samsul Ripaan,membantu berbagi ceria cerita berita alhammdulillah,5,0,2.24.18.80,2024-09-25 00:27:33,,Positif
Mansures Sawallokek,,4,0,2.24.18.80,2024-09-25 00:27:08,,Positif
Pkm Vvhj,bantu aktifkan wa,5,0,2.24.19.82,2024-09-25 00:26:41,,Positif
Muhammad Darsan,keren,3,0,,2024-09-25 00:26:03,,Netral
Ana Bongiovi,statusnya acakan gak urut,1,0,2.19.341,2024-09-25 00:25:29,,Negatif
Ardi ansyah,whatsappmessengerÃ ,5,0,2.24.13.77,2024-09-25 00:25:04,,Positif
Jokang Jokang,memuaskan,4,0,2.24.13.77,2024-09-25 00:24:52,,Positif
Sakamaki Izayoi,wa jlk bgsan yg dlu,2,0,2.24.13.77,2024-09-25 00:21:55,,Negatif
Notogpintu,whatsapp gk,2,0,2.24.13.77,2024-09-25 00:21:31,,Negatif
Ramona Ramona,bagus,5,0,2.24.18.80,2024-09-25 00:21:25,,Positif
Zamzammaulana2562,apdet terusminimal ngapdet apk nya,1,0,2.24.13.77,2024-09-25 00:21:14,,Negatif
Ustad Yani abdullah,watsap kabar,1,0,2.24.13.77,2024-09-25 00:19:57,,Negatif
Kucir Kucir,,3,0,2.24.18.80,2024-09-25 00:16:51,,Netral
Hery,bagus,5,0,2.24.13.77,2024-09-25 00:15:29,,Positif
Pakde Palembang,berkomunikasi baikuntuk berjarak,5,0,2.24.18.80,2024-09-25 00:14:03,,Positif
Jetty Tula,keren,5,0,2.24.8.85,2024-09-25 00:13:45,,Positif
kiya Endut,bagus seru menyenangkan ğŸ˜ŠğŸ˜Šâ˜º,5,0,2.24.13.77,2024-09-25 00:12:55,,Positif
Nini nini,blm fitur like nya ğŸ˜ foto profil hilang hilang aduh knp yahhh,4,0,2.24.18.80,2024-09-25 00:11:36,,Positif
Ayu Erwin,stelah update status wa berantakan,1,0,2.24.18.80,2024-09-25 00:10:45,,Negatif
Iwn Stywn (Iwnstywn),ganti hp ga verifikasi hp ga kodenya kocak pulihkan chat ga lawak ni developernya,1,0,2.24.18.80,2024-09-25 00:09:23,,Negatif
Leny Messakh,versi,5,0,2.23.23.78,2024-09-25 00:08:40,,Positif
Anis huda79,klo bagus bintang nya klo bintang nya dikurangin,5,0,2.24.17.79,2024-09-25 00:06:56,,Positif
Dilen Beihuku,good,5,0,2.24.18.80,2024-09-25 00:06:32,,Positif
Salma Nur,tolong fitur semat chat wa dikasih opsi semat plis,3,0,2.24.19.82,2024-09-25 00:06:29,,Netral
Hidayatul Alim,buka wa,5,0,2.24.13.77,2024-09-25 00:05:41,,Positif
Nasarah Sarah,suka aplikasinya wanya nelponnya,5,0,,2024-09-25 00:05:28,,Positif
Raudatull Zannah07,banget updateğŸ˜ğŸ˜,3,0,2.24.13.77,2024-09-25 00:04:27,,Netral
Randy Alfian putra,memakai akun sayadan disalah admin slotbanyak didata kontak pentingnamun direspon admin whatapp,1,0,2.24.16.76,2024-09-25 00:04:08,,Negatif
Nurhayati Batubara,wa,5,0,,2024-09-25 00:03:57,,Positif
ALL Random,akun kena spam kerja tolong kerja samanya,1,1,2.24.18.80,2024-09-25 00:03:10,,Negatif
Kevin Setiawan,story wa berantakan,2,0,2.24.18.80,2024-09-25 00:01:12,,Negatif
Srika Airilliyah,bagus apk nya fitur baruğŸ’—ğŸ’—ğŸ’—ğŸ’—,5,0,2.24.1.78,2024-09-25 00:00:05,,Positif
Robiatul adawiyah,bagus aplikasi trims whatsapp,5,0,,2024-09-24 23:59:48,,Positif
Budak-sekolah (EpyRantau606p),epyrantaup,5,0,2.24.18.80,2024-09-24 23:59:23,,Positif
Putra Rahayu,memudahkan komunikasi,5,0,2.21.4.22,2024-09-24 23:58:41,,Positif
miftah junior,menyenangkan,4,0,,2024-09-24 23:57:25,,Positif
Riidwan mamang,bagus,5,0,2.23.25.83,2024-09-24 23:54:24,,Positif
Salvador Guterres,whatssap top hellou sou novo do grupu whatsapp,5,0,2.24.18.80,2024-09-24 23:53:57,,Positif
Marman Aza,menghilangkan aplikasi,5,0,2.24.13.77,2024-09-24 23:53:28,,Positif
Ahmad Priyadi,maaf kasih bintang wa spam kali udah ganti no spam salah spampas liat notifikasi maaf kartu menerima pesan wa spamterus menunggu memulihkan selam jamtolong kaya gini udah kali ganti no wa,2,0,2.23.25.78,2024-09-24 23:53:20,,Negatif
Allie Ariesboy,selagi status saluran bintang tolong hilangkan fitur saluran,1,1,2.21.16.20,2024-09-24 23:52:50,,Negatif
R The jahat,bagus,5,0,2.24.13.77,2024-09-24 23:52:45,,Positif
Dindana,aplikasinya bagusss,5,0,2.24.19.80,2024-09-24 23:52:36,,Positif
Yohanes Paulus,semoga bagus,2,0,,2024-09-24 23:52:04,,Negatif
T Mahmud,bagus mengirim pesan,1,0,2.24.13.77,2024-09-24 23:49:35,,Negatif
Alvin Immanuel,gw pas masuk wa sih tolong dibenerin ya,2,0,2.24.18.80,2024-09-24 23:49:08,,Negatif
Bishry Herdiana,,4,0,,2024-09-24 23:47:51,,Positif
Ferry Armond,kerennn,5,0,2.24.18.80,2024-09-24 23:45:05,,Positif
Krenzi Al,ok,5,0,2.24.18.80,2024-09-24 23:44:02,,Positif
opie,oke,4,0,,2024-09-24 23:43:06,,Positif
Muji Ra,bagus,5,0,2.24.13.77,2024-09-24 23:43:01,,Positif
Appienolose,udah make wa resmi peringatan kesini bugnya kga,1,1,2.24.13.77,2024-09-24 23:42:25,,Negatif
Rudi Aryon,whatsapp canggih,5,0,2.24.13.77,2024-09-24 23:41:15,,Positif
Ujang Bayoe,mantul,5,0,2.24.13.77,2024-09-24 23:37:26,,Positif
Rio Fwwz,terblokir,1,1,2.24.18.80,2024-09-24 23:37:21,,Negatif
Nia Sania,knp wa tidal karna spam pdahal ga kirimin aneh,1,1,2.24.18.80,2024-09-24 23:36:56,,Negatif
Dhanone Ask,bagus,4,0,2.19.115,2024-09-24 23:34:10,,Positif
Naipos Nai,bagus,5,0,2.24.18.80,2024-09-24 23:33:08,,Positif
Delvira Ceunfin,,5,0,2.24.18.80,2024-09-24 23:32:58,,Positif
Dui Prasetia,sinyal bagus,5,0,2.24.13.77,2024-09-24 23:31:43,,Positif
Iping Salpi,ok,5,0,2.24.11.79,2024-09-24 23:31:41,,Positif
Adao Salsinha Soares,trima kasih bainak,5,0,2.24.18.80,2024-09-24 23:31:39,,Positif
Liana putri,tolong diperbaikin wa diapain udah keblok wa pribadi lho tolong whatsapp terhormat buka blokiran whatsapp diblokir mulu,2,0,2.24.18.80,2024-09-24 23:30:58,,Negatif
Erwin Sitepu,baikkk,5,0,2.24.18.80,2024-09-24 23:30:10,,Positif
gusti frasasti,bug update force close balas status,5,0,2.24.19.82,2024-09-24 23:28:07,,Positif
Riski dwi yulianto,kena spam,3,0,,2024-09-24 23:26:34,,Netral
Dede Supriadi,membantu berkomunikasi negara,5,0,2.24.18.80,2024-09-24 23:25:33,,Positif
Almer Farlen,nice app but please release whatsapp lite because my phone memories is full,5,0,2.24.18.80,2024-09-24 23:24:32,,Positif
Muhamad Sauki,tlfon putus buruk,2,0,,2024-09-24 23:24:10,,Negatif
Prasetiyawan,nomor blokir,1,0,2.24.19.82,2024-09-24 23:23:37,,Negatif
Sarekat Sup,jos,5,0,2.24.13.77,2024-09-24 23:22:24,,Positif
TitikRara86 TitikRara86,blokir penyadapan,5,0,2.24.18.80,2024-09-24 23:21:37,,Positif
Andiwardana Baktiar,termahkasih whatsap,5,0,2.24.18.80,2024-09-24 23:21:11,,Positif
Luffy Luffyuu,pelanggan wa buka spam tolong donggg,1,1,2.24.18.80,2024-09-24 23:20:43,,Negatif
Eva Elfie,belajar bisnis,5,0,2.24.16.76,2024-09-24 23:19:59,,Positif
Jefri Azwar,asik spam z donload apk resmi,1,0,2.24.18.80,2024-09-24 23:19:26,,Negatif
Sadinyah,bagusss,5,0,2.24.18.80,2024-09-24 23:19:25,,Positif
Rizki Dea Ananda,tolong gausa update,1,0,2.24.13.77,2024-09-24 23:19:07,,Negatif
Izzal Akbar,menghapus pesan aneh whatsapp,1,0,2.24.19.82,2024-09-24 23:18:40,,Negatif
Abdul Rahman,better than nothing,5,0,2.24.18.80,2024-09-24 23:18:00,,Positif
Wida Yanti,apasih wa ngeleg gitu update kalo pakek wifi apk nya kalo notifikasi gak suara notifikasi layar nya gak muncul gak dh pakek wa mending pakek wa buisnis aja deh wa bikin pusing aja status jamnya gk berurutan mls liat deh main wa klo ngeleg gini gk seruuu bgt dah,1,0,2.23.3.77,2024-09-24 23:16:59,,Negatif
Haekal Haekal,download,5,0,2.24.13.77,2024-09-24 23:16:48,,Positif
tukiman tuki,dap,5,0,2.24.13.77,2024-09-24 23:15:11,,Positif
Ardi Harianto,bagus,5,0,,2024-09-24 23:14:56,,Positif
Sri Wahjuni,memudahkan berkomunikasi orang sanak saudara,5,0,2.24.18.80,2024-09-24 23:14:50,,Positif
Saefudin Udin,wasaap,5,0,,2024-09-24 23:13:37,,Positif
Eva Lestari,wa keseringan update klo setahun aja,1,0,2.24.13.77,2024-09-24 23:11:37,,Negatif
Nhouna Ijah Enjhoys,lemmot,1,0,2.19.115,2024-09-24 23:11:25,,Negatif
Sueb Syafeiyah,mantappp manfaat,5,0,2.24.18.80,2024-09-24 23:10:31,,Positif
Syaiful Wardi,whatsapp angat membantu member i kemudahhan luarbiasa ğŸ‘ğŸ‘ğŸ‘ğŸ‘ğŸ‘,5,0,2.24.18.80,2024-09-24 23:06:34,,Positif
Samiran Rekind Samiran Rekind,bagus,4,0,2.24.13.77,2024-09-24 23:06:12,,Positif
Endi Saefudin,whatsapp bagus wa gb,5,0,2.24.17.79,2024-09-24 23:05:40,,Positif
Nur rihhadatul Aisy,tolong perbaruan ya vc latar terimakasih wa,4,0,2.24.18.80,2024-09-24 23:05:27,,Positif
Baron Hirota,tampa alasan jelasnomor tibatiba mengunakan whatsapp mematuhi ketentuan layanan whatsapp,1,0,2.24.18.80,2024-09-24 23:05:14,,Negatif
Fredy Irawan,ğŸ‘ğŸ‘berguna bgt pesan,4,0,2.24.13.77,2024-09-24 23:04:24,,Positif
Sisca Yanti,enak pake whatsapp aman,5,0,2.24.18.80,2024-09-24 23:03:35,,Positif
Andi Imho,nomor masuk diwhatsaap,1,0,,2024-09-24 23:02:28,,Negatif
Tasya Nurmala,ayo,5,0,2.24.13.77,2024-09-24 23:02:15,,Positif
Maz Djaweir,akun wa kena spam bolak d benerin lum masuk lg tolong normalin,2,0,2.24.18.80,2024-09-24 22:58:28,,Negatif
Dewanti Dewanti,mantap,5,0,2.24.13.77,2024-09-24 22:58:27,,Positif
Hery Tamtyo,membantu hubungan,5,0,2.24.18.80,2024-09-24 22:57:51,,Positif
Harry Pramono,menelepon langsung berdering stts nya memanggil dipancing chat,2,0,2.24.18.80,2024-09-24 22:57:10,,Negatif
dian gaming,ğŸ˜¹ğŸ˜¹,5,0,2.24.13.77,2024-09-24 22:57:08,,Positif
Heriyati Titik,aplikasi yg sngt membantu,5,0,2.24.13.77,2024-09-24 22:56:57,,Positif
Herman,ganggu data hpdata,5,0,2.24.10.79,2024-09-24 22:56:45,,Positif
Anam Nur,saluran judi sih block yg kya gtu bikin males aja,1,0,2.24.18.80,2024-09-24 22:56:27,,Negatif
Haji Benni,wa membantu bagus jelassemoga dukses,5,0,2.24.17.79,2024-09-24 22:56:27,,Positif
Dede Firman,tuk komunikasi butuh,2,0,2.24.18.80,2024-09-24 22:55:34,,Negatif
Samsul Hadi,membantu bagus aplikasinya,5,0,2.24.18.80,2024-09-24 22:53:54,,Positif
Pandu Arief triwijaya,tolong whatsapp adain repostposting ulang biar enak gitu tong ya whatsapp,5,0,2.24.18.80,2024-09-24 22:53:46,,Positif
Amah Salamah,ya cettan temen keluarga,5,0,2.24.14.81,2024-09-24 22:51:17,,Positif
ekolep 094bf,watshap mudah terpercaya,1,0,2.24.16.76,2024-09-24 22:51:11,,Negatif
Andi,ga ga login udah pake wa ori,1,0,2.24.18.80,2024-09-24 22:51:01,,Negatif
Japen Nakar,cakap,5,0,,2024-09-24 22:48:54,,Positif
sixx ndaa,waoooooooo,5,0,2.24.18.80,2024-09-24 22:48:34,,Positif
Mamat Matsani,mengaktifkan kartu axis whatsappmessenger,5,0,2.24.10.85,2024-09-24 22:48:04,,Positif
Lalan Maulani,seru banget yaa whatsapp chat tan temen orang tua kalo kemana pokok nya baguuuusssssss,5,0,2.24.13.77,2024-09-24 22:47:02,,Positif
Betung Abab,ğŸ˜€,5,0,2.24.13.77,2024-09-24 22:46:09,,Positif
Aisyah Isah,mantul,5,0,2.24.13.77,2024-09-24 22:44:51,,Positif
Lulu Apriliani,aplikasi bagus,5,0,2.24.18.80,2024-09-24 22:44:13,,Positif
Handoko Iko,mudah nya diskon nya trima kasih,5,0,,2024-09-24 22:44:09,,Positif
Boy Chalem,whats shap,5,0,,2024-09-24 22:41:48,,Positif
Muh Lutfi,apk konyol album sekolah ya allah amin makasih aja,3,0,2.24.13.77,2024-09-24 22:41:37,,Netral
Mestika Nomleni,sanggat bgusğŸ˜‡,5,0,2.24.13.77,2024-09-24 22:40:46,,Positif
Rafifah,what up buka,5,0,2.24.18.80,2024-09-24 22:37:42,,Positif
Ragil Bagusari,bagus,5,0,,2024-09-24 22:36:49,,Positif
Ahmad Nurdin,ya membantu,4,0,2.24.18.80,2024-09-24 22:35:36,,Positif
Abdulriat Abdulriat,top,5,0,2.24.18.80,2024-09-24 22:32:48,,Positif
cah srati,mantap,5,0,,2024-09-24 22:32:24,,Positif
Sri yulianingsih Sri,membantutpi aga ngeleg,5,0,,2024-09-24 22:31:41,,Positif
Aena 13,gg bro,5,0,2.24.18.80,2024-09-24 22:31:23,,Positif
Ujang Sutaryana,bagus,5,0,,2024-09-24 22:31:12,,Positif
Tara Lianty,bagus,4,0,2.24.13.77,2024-09-24 22:27:56,,Positif
Nonirgg 2507,say sagat suka aplikasi iniğŸ’‹,5,0,,2024-09-24 22:27:43,,Positif
eldy riski,wa spam trus,4,0,2.24.18.80,2024-09-24 22:25:28,,Positif
VIAN TAI,mantapp,5,0,2.24.13.77,2024-09-24 22:25:22,,Positif
Barat Mengkuh bumi,bagus,5,0,2.24.18.80,2024-09-24 22:23:59,,Positif
Sulton Cemplon,aplikasimembantu,5,0,2.24.11.79,2024-09-24 22:23:09,,Positif
RUDOLF cristo Lanongbuka,update berguna,1,0,,2024-09-24 22:21:19,,Negatif
Yuniar Putri,mohon maaf tolong perbaiki whatsapp ngechat langsung kena blok kena blok tinjau menyusahkan orang donggg tolong perbaiki menutup rezeki orang maaf banget,1,0,2.24.18.80,2024-09-24 22:20:40,,Negatif
iniemailrahmah 2,ko blum yah banget menghapus permainan sukai banget adik sayağŸ˜­ğŸ˜­,1,0,,2024-09-24 22:20:01,,Negatif
EDI ROSYADI WIJAYA,good,4,0,2.24.18.80,2024-09-24 22:16:12,,Positif
Madi ikbal,mantap pokonya sip,5,0,2.24.18.80,2024-09-24 22:12:48,,Positif
Siti Maisaroh (Mai),membantu update informasi silaturrahmi jarak dekatlebih berinovasi stikter yg keren menarik acara kegiatan kalender,5,0,2.24.13.77,2024-09-24 22:10:25,,Positif
Rini yulianti,good,5,0,2.24.18.80,2024-09-24 22:07:58,,Positif
Nur Mufidah,bagus kerena pemakaian lacar karang ngelet buka story,5,0,2.24.13.77,2024-09-24 22:07:09,,Positif
Dinun Nadifah,aplikasi membantu komunikasi mantappp,5,0,2.24.13.77,2024-09-24 22:03:54,,Positif
Sri Asih,,4,0,2.24.13.77,2024-09-24 22:03:51,,Positif
Zeni Prasetyo putri,optimis,5,0,,2024-09-24 22:01:55,,Positif
Novita Mayangsari,memuaskan,5,0,2.24.18.80,2024-09-24 21:55:19,,Positif
NiMadeAnisa Putri28,bagus,5,0,2.24.13.77,2024-09-24 21:53:55,,Positif
Muh Sigit,sayangt bagus,4,0,2.24.18.80,2024-09-24 21:53:38,,Positif
Beni Heryanto,mucul love nya udah update gmn,5,0,2.24.18.80,2024-09-24 21:44:53,,Positif
nafasa kids,engga login tolol udah aplikasi resmi donlot utah ratusan kali tetep gak dasar developer tolol,1,0,2.24.18.80,2024-09-24 21:43:49,,Negatif
Ni sarti,jios,5,0,2.24.13.77,2024-09-24 21:43:31,,Positif
Frasisiskus Trisance,knapa nmr ku spam,5,0,2.24.18.80,2024-09-24 21:42:49,,Positif
Akri Cikabu,sangar bermanfaat,5,0,,2024-09-24 21:42:14,,Positif
Albertina Ngara,akun watshapp spam berkali kali watshapp,1,0,2.24.18.80,2024-09-24 21:40:43,,Negatif
Ipzal Tunny,terimakasih wa kemudahan kenyamanan berinteraksi orang,5,0,2.24.18.80,2024-09-24 21:38:09,,Positif
much satria,sukaaa bangetttt,5,0,2.24.18.80,2024-09-24 21:37:24,,Positif
Irwan Irdi,membantu,5,0,2.24.18.80,2024-09-24 21:34:34,,Positif
Dplus Cell,halmah,5,0,2.20.47,2024-09-24 21:33:32,,Positif
SHRY FF,taekk akun ban,1,0,2.24.18.80,2024-09-24 21:32:16,,Negatif
Leo Senars,leosenar,1,0,2.24.13.77,2024-09-24 21:27:26,,Negatif
Meliani Enta,good,5,0,2.24.13.77,2024-09-24 21:24:32,,Positif
Ilin Yunus,bgus,5,0,2.24.18.80,2024-09-24 21:20:11,,Positif
adian Giansyah,baguus,5,0,2.24.18.80,2024-09-24 21:19:19,,Positif
Anak Laut,bagus fitur memblokir panggilan pesan no kenal gak munculÂ²,4,0,2.24.18.80,2024-09-24 21:17:25,,Positif
Zlatan Silo,chat langsung banned,1,0,2.24.18.80,2024-09-24 21:14:53,,Negatif
Dewilestari Lestari,kuranng pas,1,0,2.24.18.80,2024-09-24 21:13:37,,Negatif
Newbie-Chandra Andikaa,wa memudahkan aktifitas,5,1,2.24.7.81,2024-09-24 21:12:30,,Positif
Lukisan Alam,updat update mb,1,0,2.24.13.77,2024-09-24 20:58:05,,Negatif
Lurah Barongan,bagus,5,0,,2024-09-24 20:49:55,,Positif
Ariff Alamsyah,kacau,1,0,,2024-09-24 20:47:01,,Negatif
Lugiono,kasih bintang,5,0,2.24.13.77,2024-09-24 20:44:42,,Positif
jamaat aceh,mantap,5,0,,2024-09-24 20:43:11,,Positif
Hincer Nian,mantap,2,0,2.24.18.80,2024-09-24 20:41:59,,Negatif
Tarsidi Rusmana,click download link from internet berbasis web menyediakan jenis pembersih mengembalikan data alat komunikasi handphone android silahkan hubungi,1,0,2.24.18.80,2024-09-24 20:37:07,,Negatif
Persinas Asad,ok,5,0,2.24.7.81,2024-09-24 20:36:01,,Positif
Muhammad Muslim,merlinn,1,0,,2024-09-24 20:34:33,,Negatif
Azril 123,whatsapp eror kali kena spam,5,0,2.24.18.80,2024-09-24 20:29:01,,Positif
Mika Putri,olah raga,2,0,,2024-09-24 20:24:49,,Negatif
Sinar Cel,bagus,5,0,2.24.13.77,2024-09-24 20:21:32,,Positif
Faris 2002,tolong whatsapp knp a nomor blokir kena spam terusan pahal gk namnya ngirim video aneh aneh ngirim gaak apk whatsapp skrng suram gjls bener tolong pulihkan akun whatsapp data,1,0,2.24.18.80,2024-09-24 20:20:38,,Negatif
Andi Setiawan,watt app,2,0,2.24.13.77,2024-09-24 20:19:18,,Negatif
Raka Diska,aplikasi bagus membantu berkomunikasi ğŸ‘ğŸ‘,5,0,2.24.13.77,2024-09-24 20:16:58,,Positif
Eza Ajh,baguss,5,0,2.24.18.80,2024-09-24 20:15:48,,Positif
Ayam Jagoo,sungguh terimakasih nya whatsap kominkasi sy lancar mudah,1,0,2.24.18.80,2024-09-24 20:09:01,,Negatif
Soleha 23,memperbaharui washaf,1,0,2.24.13.77,2024-09-24 20:07:32,,Negatif
Aji & Camello,boniah pons,5,0,2.24.18.80,2024-09-24 20:00:17,,Positif
Zeyga Arianja,cekcok inti nya whatsapp bess,5,0,2.24.16.76,2024-09-24 19:54:38,,Positif
Dayat Rahmaaa,bagua,4,0,2.24.13.77,2024-09-24 19:53:55,,Positif
Dewa Dewi,opsional,5,0,,2024-09-24 19:50:33,,Positif
HARTO GUNARI,i tal versi resmitapi melogi akun,5,0,2.24.18.80,2024-09-24 19:48:27,,Positif
Mulyan Sawaludin,semoga terima peroses,5,0,2.24.18.80,2024-09-24 19:46:44,,Positif
Oga aini,lumayan bgus,5,0,2.24.18.80,2024-09-24 19:46:31,,Positif
E.rohana Bah endut,rohana cisitu rt rw o citatah cipatat bandung barat,5,0,2.24.11.79,2024-09-24 19:44:09,,Positif
Andi Kalipancur,ok,5,0,2.22.24.78,2024-09-24 19:43:56,,Positif
Purnoto 68,wa tdk ponsel xiomi note c,4,0,2.24.18.80,2024-09-24 19:41:30,,Positif
Arshka Willy,instalasi,2,0,2.24.17.79,2024-09-24 19:37:48,,Negatif
Rati Mauza,seruu bangett whatsapp mksih yah ğŸ˜ğŸ˜ğŸ˜,5,0,2.24.18.80,2024-09-24 19:34:06,,Positif
Hari Elsa,tampilan,5,0,2.24.18.80,2024-09-24 19:33:23,,Positif
Bg Abdul,komunikasi mudah aman,5,0,2.24.18.80,2024-09-24 19:32:32,,Positif
Ahmad Ishak,layanan memuaskan,5,0,2.24.13.77,2024-09-24 19:30:48,,Positif
Hayfa Nurhasanah,memudahkan berkomunikasi,5,0,,2024-09-24 19:26:41,,Positif
wahyu Tato123,thankyou,5,0,2.24.18.80,2024-09-24 19:19:19,,Positif
Taufik Hidayat,topik,2,0,2.24.18.80,2024-09-24 19:14:22,,Negatif
Muzhaki Almisbah21,bagus,5,0,2.24.18.80,2024-09-24 19:13:11,,Positif
Daniel Vegas,whatsapp says bermasalah nomor nya,5,0,2.24.18.80,2024-09-24 19:07:52,,Positif
Fatihah Caca,semenjak wa perbarui update aja data yg ilang ga tolong bikin arsipsejenis penyimpanan chat gitu biar refresh ulang sayang chatbya ilang,3,0,2.24.18.80,2024-09-24 19:06:25,,Netral
Rasmi Rasmi,badai,5,0,,2024-09-24 19:05:37,,Positif
Amir Jabar,ok,5,0,2.24.9.78,2024-09-24 19:05:12,,Positif
Mia Sari,,4,0,,2024-09-24 19:01:10,,Positif
Haka Kopa,keren,3,0,2.24.18.80,2024-09-24 18:59:31,,Netral
Argado Bkl,mantap,5,0,2.24.18.80,2024-09-24 18:53:01,,Positif
Nur Hamdah,nyman,5,0,,2024-09-24 18:48:06,,Positif
Sofwa Alivia,media pecah ya iihat karna ssya video ya upgrade ğŸ˜ƒâœŒ,5,0,2.24.18.80,2024-09-24 18:47:59,,Positif
Vita Sari,,2,0,,2024-09-24 18:45:51,,Negatif
Ridho Eni,sladi tubokarto pracimantoro wonogiri,1,0,,2024-09-24 18:44:05,,Negatif
Agus Simatupang,jelek,1,0,2.24.18.80,2024-09-24 18:43:21,,Negatif
darma apriyadi,status berurutan nya susah update status,3,0,2.24.18.80,2024-09-24 18:39:33,,Netral
Budi Susanto,ok bagus,5,0,,2024-09-24 18:34:28,,Positif
Raden Aden,keren,5,0,2.24.17.79,2024-09-24 18:33:20,,Positif
Destia Mutiara,komunikasi kelurga,5,0,2.24.18.80,2024-09-24 18:32:02,,Positif
Ferry Ferdiansyah,kirim foto gak berurutan yapadahal memilih foto berurutan,2,0,2.24.18.80,2024-09-24 18:28:07,,Negatif
Keyen Keyen,goooooof,5,0,2.24.18.80,2024-09-24 18:26:10,,Positif
MD NEW,ok,1,0,2.24.17.79,2024-09-24 18:24:24,,Negatif
Kadek Mahattma,aplikasi terbaik,5,0,2.24.18.80,2024-09-24 18:24:06,,Positif
Bambang Harianto,puas,2,0,2.24.18.80,2024-09-24 18:23:16,,Negatif
Bagus Pangestu,lemot pas konek whatsapp web menghambat pekerjaan,2,0,2.24.18.80,2024-09-24 18:23:14,,Negatif
Cilor gendut,maaf ko akun whatsapp ga masuk ganti hp,5,0,2.24.17.79,2024-09-24 18:20:43,,Positif
Elsa Pratika Pertiwi,update update sulit mengirim video teman status,1,0,2.24.18.80,2024-09-24 18:19:46,,Negatif
Hagimaru Tag,,3,0,2.24.18.80,2024-09-24 18:17:31,,Netral
aji aji,tolong diperbaiki layanan nya,4,0,,2024-09-24 18:12:56,,Positif
Alfa Rizki,bagus banget,5,0,2.24.18.80,2024-09-24 18:12:37,,Positif
Bambang Wisnu,matap,5,0,,2024-09-24 18:12:29,,Positif
Ahmad Ghode.81,keren banget,5,0,2.24.18.80,2024-09-24 18:12:26,,Positif
moch.bimantara,good,5,0,,2024-09-24 18:11:36,,Positif
Isna Wati,tolong whatsapp tindak lanjuti whatsapp kenak tipu takut salah orang mohon whatsapp bantu,5,0,2.24.18.80,2024-09-24 18:07:25,,Positif
Rogo warsito,,5,0,,2024-09-24 18:07:12,,Positif
Zall Pari,ğŸ‘ğŸ‘ğŸ‘ğŸ‘ğŸ‘ğŸ‘ğŸ‘ğŸ‘ğŸ‘ğŸ‘ğŸ‘ğŸ‘ğŸ‘ğŸ‘ğŸ‘ğŸ‘ğŸ‘ğŸ‘ğŸ‘ğŸ‘ğŸ‘ğŸ‘ğŸ‘ğŸ‘ğŸ‘ğŸ‘,5,0,,2024-09-24 18:01:34,,Positif
lani lani,sajağŸ˜Š,5,0,2.24.13.77,2024-09-24 18:00:28,,Positif
Rafly Rafly,,4,0,2.24.18.80,2024-09-24 17:58:56,,Positif
Yuyun Jelek,call mcm hidup mati hidup mati sdh mati call nya mcm nda sdh hidup mati hidup mati baiki plass,1,0,2.24.18.80,2024-09-24 17:56:38,,Negatif
Syahrudin Amir,bagus,5,0,2.24.18.80,2024-09-24 17:53:57,,Positif
Fatur Widia,bagus,5,0,,2024-09-24 17:49:34,,Positif
W NN,oposisi,5,0,2.24.18.80,2024-09-24 17:47:28,,Positif
Muhamad Rapi,ok,5,0,2.24.18.80,2024-09-24 17:46:32,,Positif
Bismillah Berkah,wa nggak buka ya,5,0,2.24.18.80,2024-09-24 17:45:26,,Positif
Efendi Askar,tolong blokir watshap sya,5,0,2.24.18.80,2024-09-24 17:44:29,,Positif
Fajaruddin Fajar,membantu,5,0,2.24.18.80,2024-09-24 17:42:07,,Positif
Anisa Amalia,ko fitur yaaa ngelove story orang,2,0,2.24.18.80,2024-09-24 17:40:06,,Negatif
Hi Lenovo,tolong whatsapp knp akun tibaÂ² dianggap spam apapun tolong dipulih,1,0,2.24.18.80,2024-09-24 17:37:54,,Negatif
Amer Goming,kali instal peripikasi no telpon slalu muncul whatsapp resmi sy dwonload play store butuh solusi permasalahan,5,0,2.24.18.80,2024-09-24 17:37:25,,Positif
Jetezu TV,good,5,0,,2024-09-24 17:37:20,,Positif
Kiana Khalisa,kena spam terussss,2,0,2.24.18.80,2024-09-24 17:37:09,,Negatif
Rieska Novia,updatean benerbener memakan ruang penyimpanan,1,4,2.24.16.76,2024-09-24 17:37:05,,Negatif
Ebhie Pixel6a,verifikasi sms nomer mencobanya sejam sulit memaksa telegram,1,0,2.24.18.80,2024-09-24 17:32:43,,Negatif
Pandu Dwinarsa,inisialisasi susah udah verifikasi by sms,1,0,2.24.18.80,2024-09-24 17:32:36,,Negatif
Surya Prima,mantap,5,0,2.24.18.80,2024-09-24 17:31:56,,Positif
Muchamad Syifa,pesan bintang,5,0,2.24.18.80,2024-09-24 17:29:45,,Positif
Muhammad Ramdani,whatsapp membantu berkominikasi orang lainsaya sanggat suka whatsapp membantu banget teirmakasi whatsapp,5,0,2.24.13.77,2024-09-24 17:27:11,,Positif
Afif Luthfi,wanya ngebug telponan telpon masuk orang ngebug notifnya,1,0,2.24.18.80,2024-09-24 17:27:09,,Negatif
Sarah Gemini,udah no spam whatsapp sya tinjauan tolak ğŸ˜ğŸ˜ğŸ˜ğŸ˜ kecewa whatsapp,1,0,,2024-09-24 17:26:02,,Negatif
Regi Sans,teruntuk developer whatsapp kecewa whatsapp akun whatsapp terkena spam spam apapun dimohon akun whatsapp aman spam terimakasih,1,0,2.24.18.80,2024-09-24 17:24:45,,Negatif
Nana Suryana,heran tibaÂ² login a susa bener parah,1,0,2.24.18.80,2024-09-24 17:21:05,,Negatif
Komalasari Sari,blok wa,5,0,2.24.18.80,2024-09-24 17:20:15,,Positif
Bunga Husna,oke,5,0,2.24.18.80,2024-09-24 17:19:29,,Positif
